Source;Target;Weight;Type
0;1;1;Undirected
0;257;1;Undirected
0;2;1;Undirected
0;514;1;Undirected
0;3;1;Undirected
0;323;1;Undirected
0;4;1;Undirected
0;5;1;Undirected
0;8;1;Undirected
0;776;1;Undirected
0;9;1;Undirected
0;73;1;Undirected
0;11;1;Undirected
0;13;1;Undirected
0;14;1;Undirected
0;15;1;Undirected
0;16;1;Undirected
0;17;1;Undirected
0;81;1;Undirected
0;19;1;Undirected
0;471;1;Undirected
0;90;1;Undirected
0;285;1;Undirected
0;543;1;Undirected
0;160;1;Undirected
0;736;1;Undirected
0;98;1;Undirected
0;39;1;Undirected
0;42;1;Undirected
0;172;1;Undirected
0;46;1;Undirected
0;174;1;Undirected
0;176;1;Undirected
0;50;1;Undirected
0;54;1;Undirected
0;249;1;Undirected
0;315;1;Undirected
0;63;1;Undirected
1;2;1;Undirected
1;3;1;Undirected
1;4;1;Undirected
1;196;1;Undirected
1;5;1;Undirected
1;197;1;Undirected
1;6;1;Undirected
1;7;1;Undirected
1;8;1;Undirected
1;139;1;Undirected
1;395;1;Undirected
1;12;1;Undirected
1;13;1;Undirected
1;205;1;Undirected
1;461;1;Undirected
1;17;1;Undirected
1;81;1;Undirected
1;20;1;Undirected
1;23;1;Undirected
1;24;1;Undirected
1;216;1;Undirected
1;792;1;Undirected
1;793;1;Undirected
1;26;1;Undirected
1;27;1;Undirected
1;28;1;Undirected
1;220;1;Undirected
1;221;1;Undirected
1;30;1;Undirected
1;485;1;Undirected
1;38;1;Undirected
1;231;1;Undirected
1;169;1;Undirected
1;425;1;Undirected
1;175;1;Undirected
1;113;1;Undirected
1;50;1;Undirected
1;306;1;Undirected
1;179;1;Undirected
1;243;1;Undirected
1;53;1;Undirected
1;695;1;Undirected
1;318;1;Undirected
2;3;1;Undirected
2;4;1;Undirected
2;5;1;Undirected
2;517;1;Undirected
2;6;1;Undirected
2;7;1;Undirected
2;8;1;Undirected
2;9;1;Undirected
2;332;1;Undirected
2;333;1;Undirected
2;14;1;Undirected
2;15;1;Undirected
2;18;1;Undirected
2;20;1;Undirected
2;91;1;Undirected
2;158;1;Undirected
2;102;1;Undirected
2;166;1;Undirected
2;108;1;Undirected
2;304;1;Undirected
2;50;1;Undirected
2;562;1;Undirected
2;122;1;Undirected
2;125;1;Undirected
2;62;1;Undirected
2;703;1;Undirected
3;448;1;Undirected
3;704;1;Undirected
3;67;1;Undirected
3;4;1;Undirected
3;68;1;Undirected
3;5;1;Undirected
3;6;1;Undirected
3;327;1;Undirected
3;8;1;Undirected
3;10;1;Undirected
3;11;1;Undirected
3;12;1;Undirected
3;525;1;Undirected
3;18;1;Undirected
3;788;1;Undirected
3;85;1;Undirected
3;24;1;Undirected
3;92;1;Undirected
3;224;1;Undirected
3;33;1;Undirected
3;34;1;Undirected
3;35;1;Undirected
3;37;1;Undirected
3;101;1;Undirected
3;421;1;Undirected
3;45;1;Undirected
3;237;1;Undirected
3;111;1;Undirected
3;431;1;Undirected
3;495;1;Undirected
3;691;1;Undirected
3;564;1;Undirected
3;698;1;Undirected
3;380;1;Undirected
4;65;1;Undirected
4;353;1;Undirected
4;35;1;Undirected
4;67;1;Undirected
4;9;1;Undirected
4;75;1;Undirected
4;139;1;Undirected
4;717;1;Undirected
4;15;1;Undirected
4;16;1;Undirected
4;48;1;Undirected
4;17;1;Undirected
4;274;1;Undirected
4;722;1;Undirected
4;51;1;Undirected
4;248;1;Undirected
4;441;1;Undirected
4;541;1;Undirected
4;255;1;Undirected
5;132;1;Undirected
5;197;1;Undirected
5;6;1;Undirected
5;7;1;Undirected
5;839;1;Undirected
5;10;1;Undirected
5;77;1;Undirected
5;80;1;Undirected
5;790;1;Undirected
5;23;1;Undirected
5;27;1;Undirected
5;219;1;Undirected
5;291;1;Undirected
5;38;1;Undirected
5;807;1;Undirected
5;40;1;Undirected
5;877;1;Undirected
5;306;1;Undirected
5;307;1;Undirected
5;245;1;Undirected
5;437;1;Undirected
6;96;1;Undirected
6;547;1;Undirected
6;7;1;Undirected
6;200;1;Undirected
6;9;1;Undirected
6;10;1;Undirected
6;11;1;Undirected
6;140;1;Undirected
6;13;1;Undirected
6;143;1;Undirected
6;16;1;Undirected
6;883;1;Undirected
6;244;1;Undirected
6;117;1;Undirected
6;821;1;Undirected
6;471;1;Undirected
6;731;1;Undirected
6;28;1;Undirected
6;29;1;Undirected
7;97;1;Undirected
7;161;1;Undirected
7;36;1;Undirected
7;103;1;Undirected
7;10;1;Undirected
7;75;1;Undirected
7;44;1;Undirected
7;15;1;Undirected
7;80;1;Undirected
7;656;1;Undirected
7;18;1;Undirected
7;885;1;Undirected
7;342;1;Undirected
7;23;1;Undirected
7;792;1;Undirected
7;26;1;Undirected
7;314;1;Undirected
7;348;1;Undirected
7;158;1;Undirected
8;577;1;Undirected
8;770;1;Undirected
8;99;1;Undirected
8;11;1;Undirected
8;43;1;Undirected
8;12;1;Undirected
8;204;1;Undirected
8;750;1;Undirected
8;19;1;Undirected
8;22;1;Undirected
8;54;1;Undirected
8;250;1;Undirected
8;314;1;Undirected
8;27;1;Undirected
8;123;1;Undirected
9;321;1;Undirected
9;162;1;Undirected
9;738;1;Undirected
9;36;1;Undirected
9;294;1;Undirected
9;422;1;Undirected
9;41;1;Undirected
9;13;1;Undirected
9;45;1;Undirected
9;301;1;Undirected
9;14;1;Undirected
9;110;1;Undirected
9;142;1;Undirected
9;16;1;Undirected
9;20;1;Undirected
9;149;1;Undirected
9;891;1;Undirected
9;124;1;Undirected
9;29;1;Undirected
10;71;1;Undirected
10;393;1;Undirected
10;905;1;Undirected
10;12;1;Undirected
10;76;1;Undirected
10;141;1;Undirected
10;14;1;Undirected
10;336;1;Undirected
10;277;1;Undirected
10;729;1;Undirected
10;31;1;Undirected
10;545;1;Undirected
10;34;1;Undirected
10;35;1;Undirected
10;41;1;Undirected
10;42;1;Undirected
10;171;1;Undirected
10;109;1;Undirected
10;49;1;Undirected
10;178;1;Undirected
10;56;1;Undirected
10;252;1;Undirected
11;96;1;Undirected
11;66;1;Undirected
11;195;1;Undirected
11;196;1;Undirected
11;41;1;Undirected
11;874;1;Undirected
11;876;1;Undirected
11;47;1;Undirected
11;527;1;Undirected
11;83;1;Undirected
11;57;1;Undirected
11;218;1;Undirected
11;506;1;Undirected
11;826;1;Undirected
11;60;1;Undirected
11;252;1;Undirected
11;61;1;Undirected
11;63;1;Undirected
11;511;1;Undirected
12;97;1;Undirected
12;129;1;Undirected
12;385;1;Undirected
12;77;1;Undirected
12;333;1;Undirected
12;47;1;Undirected
12;17;1;Undirected
12;20;1;Undirected
12;21;1;Undirected
12;469;1;Undirected
12;629;1;Undirected
12;632;1;Undirected
12;121;1;Undirected
12;26;1;Undirected
12;895;1;Undirected
13;290;1;Undirected
13;67;1;Undirected
13;37;1;Undirected
13;647;1;Undirected
13;619;1;Undirected
13;238;1;Undirected
13;111;1;Undirected
13;528;1;Undirected
13;723;1;Undirected
13;26;1;Undirected
13;93;1;Undirected
13;30;1;Undirected
13;127;1;Undirected
14;608;1;Undirected
14;545;1;Undirected
14;101;1;Undirected
14;165;1;Undirected
14;837;1;Undirected
14;999;1;Undirected
14;172;1;Undirected
14;236;1;Undirected
14;46;1;Undirected
14;80;1;Undirected
14;336;1;Undirected
14;21;1;Undirected
14;725;1;Undirected
14;24;1;Undirected
14;505;1;Undirected
14;123;1;Undirected
15;67;1;Undirected
15;72;1;Undirected
15;904;1;Undirected
15;82;1;Undirected
15;148;1;Undirected
15;87;1;Undirected
15;24;1;Undirected
15;25;1;Undirected
15;218;1;Undirected
15;28;1;Undirected
15;31;1;Undirected
15;33;1;Undirected
15;616;1;Undirected
15;233;1;Undirected
15;43;1;Undirected
15;561;1;Undirected
15;114;1;Undirected
15;884;1;Undirected
15;53;1;Undirected
15;55;1;Undirected
15;250;1;Undirected
15;127;1;Undirected
16;704;1;Undirected
16;962;1;Undirected
16;677;1;Undirected
16;70;1;Undirected
16;134;1;Undirected
16;143;1;Undirected
16;593;1;Undirected
16;18;1;Undirected
16;274;1;Undirected
16;530;1;Undirected
16;19;1;Undirected
16;692;1;Undirected
16;21;1;Undirected
16;53;1;Undirected
16;22;1;Undirected
16;60;1;Undirected
17;96;1;Undirected
17;544;1;Undirected
17;193;1;Undirected
17;578;1;Undirected
17;995;1;Undirected
17;422;1;Undirected
17;391;1;Undirected
17;296;1;Undirected
17;488;1;Undirected
17;716;1;Undirected
17;47;1;Undirected
17;435;1;Undirected
17;22;1;Undirected
17;632;1;Undirected
18;225;1;Undirected
18;195;1;Undirected
18;419;1;Undirected
18;37;1;Undirected
18;679;1;Undirected
18;842;1;Undirected
18;429;1;Undirected
18;846;1;Undirected
18;49;1;Undirected
18;19;1;Undirected
18;723;1;Undirected
18;21;1;Undirected
18;247;1;Undirected
18;25;1;Undirected
18;93;1;Undirected
18;191;1;Undirected
19;32;1;Undirected
19;64;1;Undirected
19;290;1;Undirected
19;70;1;Undirected
19;73;1;Undirected
19;105;1;Undirected
19;969;1;Undirected
19;395;1;Undirected
19;237;1;Undirected
19;46;1;Undirected
19;178;1;Undirected
19;51;1;Undirected
19;211;1;Undirected
19;52;1;Undirected
19;405;1;Undirected
19;87;1;Undirected
19;889;1;Undirected
19;59;1;Undirected
19;604;1;Undirected
20;458;1;Undirected
20;84;1;Undirected
20;469;1;Undirected
20;22;1;Undirected
20;406;1;Undirected
20;854;1;Undirected
20;23;1;Undirected
20;407;1;Undirected
20;25;1;Undirected
20;348;1;Undirected
20;160;1;Undirected
20;98;1;Undirected
20;290;1;Undirected
20;164;1;Undirected
20;234;1;Undirected
20;427;1;Undirected
20;492;1;Undirected
20;173;1;Undirected
20;47;1;Undirected
20;431;1;Undirected
20;48;1;Undirected
20;49;1;Undirected
20;55;1;Undirected
20;441;1;Undirected
21;132;1;Undirected
21;261;1;Undirected
21;201;1;Undirected
21;906;1;Undirected
21;779;1;Undirected
21;462;1;Undirected
21;208;1;Undirected
21;87;1;Undirected
21;281;1;Undirected
21;95;1;Undirected
21;32;1;Undirected
21;39;1;Undirected
21;40;1;Undirected
21;360;1;Undirected
21;109;1;Undirected
21;175;1;Undirected
21;241;1;Undirected
21;375;1;Undirected
21;185;1;Undirected
21;893;1;Undirected
21;63;1;Undirected
22;134;1;Undirected
22;166;1;Undirected
22;487;1;Undirected
22;648;1;Undirected
22;141;1;Undirected
22;462;1;Undirected
22;275;1;Undirected
22;405;1;Undirected
22;25;1;Undirected
22;28;1;Undirected
22;381;1;Undirected
23;32;1;Undirected
23;672;1;Undirected
23;163;1;Undirected
23;580;1;Undirected
23;232;1;Undirected
23;586;1;Undirected
23;171;1;Undirected
23;493;1;Undirected
23;592;1;Undirected
23;624;1;Undirected
23;49;1;Undirected
23;179;1;Undirected
23;213;1;Undirected
23;58;1;Undirected
23;27;1;Undirected
23;155;1;Undirected
23;124;1;Undirected
23;94;1;Undirected
24;32;1;Undirected
24;33;1;Undirected
24;36;1;Undirected
24;37;1;Undirected
24;493;1;Undirected
24;559;1;Undirected
24;273;1;Undirected
24;181;1;Undirected
24;150;1;Undirected
24;182;1;Undirected
24;151;1;Undirected
24;346;1;Undirected
24;379;1;Undirected
24;414;1;Undirected
24;31;1;Undirected
25;512;1;Undirected
25;165;1;Undirected
25;199;1;Undirected
25;264;1;Undirected
25;363;1;Undirected
25;78;1;Undirected
25;79;1;Undirected
25;303;1;Undirected
25;113;1;Undirected
25;114;1;Undirected
25;51;1;Undirected
25;52;1;Undirected
25;149;1;Undirected
25;951;1;Undirected
25;826;1;Undirected
25;29;1;Undirected
25;222;1;Undirected
25;607;1;Undirected
26;992;1;Undirected
26;129;1;Undirected
26;71;1;Undirected
26;74;1;Undirected
26;82;1;Undirected
26;980;1;Undirected
26;53;1;Undirected
26;151;1;Undirected
26;88;1;Undirected
26;313;1;Undirected
26;58;1;Undirected
26;477;1;Undirected
26;893;1;Undirected
26;30;1;Undirected
26;190;1;Undirected
26;31;1;Undirected
27;64;1;Undirected
27;130;1;Undirected
27;610;1;Undirected
27;102;1;Undirected
27;391;1;Undirected
27;72;1;Undirected
27;74;1;Undirected
27;202;1;Undirected
27;780;1;Undirected
27;366;1;Undirected
27;83;1;Undirected
27;84;1;Undirected
27;85;1;Undirected
27;406;1;Undirected
27;759;1;Undirected
27;474;1;Undirected
27;29;1;Undirected
27;925;1;Undirected
28;320;1;Undirected
28;289;1;Undirected
28;132;1;Undirected
28;102;1;Undirected
28;72;1;Undirected
28;136;1;Undirected
28;43;1;Undirected
28;147;1;Undirected
28;52;1;Undirected
28;55;1;Undirected
28;56;1;Undirected
28;218;1;Undirected
28;314;1;Undirected
28;59;1;Undirected
28;252;1;Undirected
28;605;1;Undirected
28;30;1;Undirected
29;240;1;Undirected
29;34;1;Undirected
29;38;1;Undirected
29;678;1;Undirected
29;42;1;Undirected
30;64;1;Undirected
30;256;1;Undirected
30;33;1;Undirected
30;547;1;Undirected
30;38;1;Undirected
30;39;1;Undirected
30;711;1;Undirected
30;299;1;Undirected
30;108;1;Undirected
30;397;1;Undirected
30;79;1;Undirected
30;146;1;Undirected
30;530;1;Undirected
30;594;1;Undirected
30;83;1;Undirected
30;216;1;Undirected
30;153;1;Undirected
30;90;1;Undirected
30;413;1;Undirected
31;34;1;Undirected
31;66;1;Undirected
31;98;1;Undirected
31;515;1;Undirected
31;166;1;Undirected
31;519;1;Undirected
31;40;1;Undirected
31;136;1;Undirected
31;73;1;Undirected
31;458;1;Undirected
31;1003;1;Undirected
31;236;1;Undirected
31;269;1;Undirected
31;654;1;Undirected
31;54;1;Undirected
31;182;1;Undirected
31;440;1;Undirected
31;154;1;Undirected
31;125;1;Undirected
31;287;1;Undirected
32;224;1;Undirected
32;705;1;Undirected
32;36;1;Undirected
32;201;1;Undirected
32;75;1;Undirected
32;684;1;Undirected
32;208;1;Undirected
32;210;1;Undirected
32;468;1;Undirected
32;86;1;Undirected
32;920;1;Undirected
32;477;1;Undirected
33;544;1;Undirected
33;35;1;Undirected
33;100;1;Undirected
33;135;1;Undirected
33;520;1;Undirected
33;106;1;Undirected
33;75;1;Undirected
33;653;1;Undirected
33;48;1;Undirected
33;434;1;Undirected
33;503;1;Undirected
33;184;1;Undirected
33;61;1;Undirected
33;510;1;Undirected
34;66;1;Undirected
34;162;1;Undirected
34;258;1;Undirected
34;386;1;Undirected
34;134;1;Undirected
34;550;1;Undirected
34;44;1;Undirected
34;76;1;Undirected
34;114;1;Undirected
34;84;1;Undirected
34;58;1;Undirected
34;442;1;Undirected
34;762;1;Undirected
34;60;1;Undirected
34;62;1;Undirected
35;130;1;Undirected
35;354;1;Undirected
35;358;1;Undirected
35;105;1;Undirected
35;42;1;Undirected
35;140;1;Undirected
35;622;1;Undirected
35;852;1;Undirected
35;89;1;Undirected
35;345;1;Undirected
35;59;1;Undirected
36;161;1;Undirected
36;69;1;Undirected
36;613;1;Undirected
36;71;1;Undirected
36;40;1;Undirected
36;41;1;Undirected
36;746;1;Undirected
36;56;1;Undirected
36;89;1;Undirected
36;505;1;Undirected
36;665;1;Undirected
36;506;1;Undirected
37;226;1;Undirected
37;260;1;Undirected
37;936;1;Undirected
37;105;1;Undirected
37;233;1;Undirected
37;107;1;Undirected
37;203;1;Undirected
37;238;1;Undirected
37;878;1;Undirected
37;113;1;Undirected
37;627;1;Undirected
37;54;1;Undirected
37;86;1;Undirected
37;730;1;Undirected
37;187;1;Undirected
37;92;1;Undirected
37;541;1;Undirected
37;606;1;Undirected
38;224;1;Undirected
38;226;1;Undirected
38;39;1;Undirected
38;775;1;Undirected
38;43;1;Undirected
38;44;1;Undirected
38;45;1;Undirected
38;689;1;Undirected
38;214;1;Undirected
38;312;1;Undirected
38;700;1;Undirected
38;62;1;Undirected
39;258;1;Undirected
39;100;1;Undirected
39;69;1;Undirected
39;300;1;Undirected
39;526;1;Undirected
39;814;1;Undirected
39;687;1;Undirected
39;115;1;Undirected
39;595;1;Undirected
39;84;1;Undirected
39;217;1;Undirected
39;90;1;Undirected
39;61;1;Undirected
39;477;1;Undirected
40;450;1;Undirected
40;133;1;Undirected
40;357;1;Undirected
40;741;1;Undirected
40;331;1;Undirected
40;363;1;Undirected
40;81;1;Undirected
40;465;1;Undirected
40;562;1;Undirected
40;94;1;Undirected
40;286;1;Undirected
41;386;1;Undirected
41;195;1;Undirected
41;774;1;Undirected
41;934;1;Undirected
41;232;1;Undirected
41;458;1;Undirected
41;44;1;Undirected
41;364;1;Undirected
41;749;1;Undirected
41;50;1;Undirected
41;213;1;Undirected
41;663;1;Undirected
41;58;1;Undirected
41;63;1;Undirected
42;225;1;Undirected
42;85;1;Undirected
42;133;1;Undirected
42;70;1;Undirected
42;45;1;Undirected
42;95;1;Undirected
42;335;1;Undirected
43;832;1;Undirected
43;833;1;Undirected
43;162;1;Undirected
43;163;1;Undirected
43;357;1;Undirected
43;238;1;Undirected
43;48;1;Undirected
43;116;1;Undirected
43;117;1;Undirected
43;213;1;Undirected
43;408;1;Undirected
44;288;1;Undirected
44;194;1;Undirected
44;834;1;Undirected
44;99;1;Undirected
44;262;1;Undirected
44;328;1;Undirected
44;843;1;Undirected
44;684;1;Undirected
44;589;1;Undirected
44;270;1;Undirected
44;495;1;Undirected
44;51;1;Undirected
44;115;1;Undirected
44;57;1;Undirected
44;121;1;Undirected
44;126;1;Undirected
44;478;1;Undirected
45;258;1;Undirected
45;578;1;Undirected
45;264;1;Undirected
45;76;1;Undirected
45;428;1;Undirected
45;46;1;Undirected
45;143;1;Undirected
45;145;1;Undirected
45;116;1;Undirected
45;279;1;Undirected
45;88;1;Undirected
46;417;1;Undirected
46;387;1;Undirected
46;422;1;Undirected
46;582;1;Undirected
46;106;1;Undirected
46;269;1;Undirected
46;493;1;Undirected
46;400;1;Undirected
46;82;1;Undirected
46;55;1;Undirected
46;183;1;Undirected
47;128;1;Undirected
47;416;1;Undirected
47;420;1;Undirected
47;229;1;Undirected
47;710;1;Undirected
47;169;1;Undirected
47;394;1;Undirected
47;527;1;Undirected
47;368;1;Undirected
47;210;1;Undirected
47;52;1;Undirected
47;118;1;Undirected
47;411;1;Undirected
47;731;1;Undirected
47;60;1;Undirected
47;220;1;Undirected
47;860;1;Undirected
47;190;1;Undirected
48;448;1;Undirected
48;98;1;Undirected
48;483;1;Undirected
48;709;1;Undirected
48;70;1;Undirected
48;103;1;Undirected
48;170;1;Undirected
48;107;1;Undirected
48;592;1;Undirected
48;913;1;Undirected
48;602;1;Undirected
48;92;1;Undirected
48;636;1;Undirected
48;765;1;Undirected
49;928;1;Undirected
49;66;1;Undirected
49;546;1;Undirected
49;519;1;Undirected
49;556;1;Undirected
49;494;1;Undirected
49;177;1;Undirected
49;817;1;Undirected
49;883;1;Undirected
49;439;1;Undirected
49;56;1;Undirected
49;153;1;Undirected
49;124;1;Undirected
49;156;1;Undirected
49;284;1;Undirected
50;69;1;Undirected
50;165;1;Undirected
50;685;1;Undirected
50;465;1;Undirected
50;179;1;Undirected
50;499;1;Undirected
50;95;1;Undirected
50;127;1;Undirected
50;159;1;Undirected
51;65;1;Undirected
51;322;1;Undirected
51;771;1;Undirected
51;68;1;Undirected
51;841;1;Undirected
51;525;1;Undirected
51;589;1;Undirected
51;206;1;Undirected
51;79;1;Undirected
51;245;1;Undirected
51;310;1;Undirected
51;88;1;Undirected
51;376;1;Undirected
51;763;1;Undirected
51;220;1;Undirected
52;103;1;Undirected
52;234;1;Undirected
52;298;1;Undirected
52;108;1;Undirected
52;204;1;Undirected
52;497;1;Undirected
52;338;1;Undirected
52;245;1;Undirected
52;120;1;Undirected
52;90;1;Undirected
52;122;1;Undirected
52;91;1;Undirected
53;68;1;Undirected
53;69;1;Undirected
53;328;1;Undirected
53;57;1;Undirected
53;587;1;Undirected
53;412;1;Undirected
53;174;1;Undirected
54;512;1;Undirected
54;225;1;Undirected
54;353;1;Undirected
54;71;1;Undirected
54;615;1;Undirected
54;265;1;Undirected
54;110;1;Undirected
54;688;1;Undirected
54;115;1;Undirected
54;275;1;Undirected
54;627;1;Undirected
54;57;1;Undirected
54;153;1;Undirected
54;889;1;Undirected
54;958;1;Undirected
55;65;1;Undirected
55;228;1;Undirected
55;199;1;Undirected
55;647;1;Undirected
55;104;1;Undirected
55;74;1;Undirected
55;272;1;Undirected
55;432;1;Undirected
55;86;1;Undirected
55;150;1;Undirected
56;64;1;Undirected
56;389;1;Undirected
56;326;1;Undirected
56;167;1;Undirected
56;137;1;Undirected
56;719;1;Undirected
56;945;1;Undirected
56;178;1;Undirected
56;402;1;Undirected
56;498;1;Undirected
56;147;1;Undirected
56;309;1;Undirected
56;119;1;Undirected
56;153;1;Undirected
56;155;1;Undirected
56;61;1;Undirected
56;317;1;Undirected
57;160;1;Undirected
57;259;1;Undirected
57;68;1;Undirected
57;260;1;Undirected
57;521;1;Undirected
57;109;1;Undirected
57;909;1;Undirected
57;80;1;Undirected
57;528;1;Undirected
57;340;1;Undirected
57;792;1;Undirected
57;378;1;Undirected
58;97;1;Undirected
58;677;1;Undirected
58;268;1;Undirected
58;588;1;Undirected
58;77;1;Undirected
58;78;1;Undirected
58;302;1;Undirected
58;79;1;Undirected
58;625;1;Undirected
58;594;1;Undirected
58;340;1;Undirected
58;182;1;Undirected
58;758;1;Undirected
58;119;1;Undirected
58;59;1;Undirected
58;62;1;Undirected
58;767;1;Undirected
59;864;1;Undirected
59;129;1;Undirected
59;485;1;Undirected
59;167;1;Undirected
59;77;1;Undirected
59;109;1;Undirected
60;322;1;Undirected
60;356;1;Undirected
60;136;1;Undirected
60;488;1;Undirected
60;329;1;Undirected
60;489;1;Undirected
60;112;1;Undirected
60;240;1;Undirected
60;148;1;Undirected
60;597;1;Undirected
60;120;1;Undirected
61;96;1;Undirected
61;135;1;Undirected
61;73;1;Undirected
61;652;1;Undirected
61;366;1;Undirected
61;207;1;Undirected
61;695;1;Undirected
61;251;1;Undirected
61;412;1;Undirected
62;130;1;Undirected
62;323;1;Undirected
62;198;1;Undirected
62;230;1;Undirected
62;294;1;Undirected
62;199;1;Undirected
62;391;1;Undirected
62;72;1;Undirected
62;74;1;Undirected
62;301;1;Undirected
62;85;1;Undirected
62;791;1;Undirected
62;410;1;Undirected
62;316;1;Undirected
62;957;1;Undirected
63;144;1;Undirected
63;416;1;Undirected
63;801;1;Undirected
63;101;1;Undirected
63;696;1;Undirected
63;137;1;Undirected
63;395;1;Undirected
63;159;1;Undirected
64;65;1;Undirected
64;193;1;Undirected
64;385;1;Undirected
64;104;1;Undirected
64;945;1;Undirected
64;851;1;Undirected
64;598;1;Undirected
64;345;1;Undirected
64;698;1;Undirected
64;988;1;Undirected
64;190;1;Undirected
64;991;1;Undirected
65;384;1;Undirected
65;276;1;Undirected
65;490;1;Undirected
65;890;1;Undirected
65;93;1;Undirected
65;78;1;Undirected
66;416;1;Undirected
66;245;1;Undirected
66;246;1;Undirected
66;582;1;Undirected
66;141;1;Undirected
66;157;1;Undirected
66;222;1;Undirected
67;707;1;Undirected
67;452;1;Undirected
67;294;1;Undirected
67;203;1;Undirected
67;76;1;Undirected
67;112;1;Undirected
67;881;1;Undirected
67;83;1;Undirected
67;404;1;Undirected
67;87;1;Undirected
68;192;1;Undirected
68;770;1;Undirected
68;655;1;Undirected
68;149;1;Undirected
68;150;1;Undirected
68;214;1;Undirected
68;122;1;Undirected
68;125;1;Undirected
68;863;1;Undirected
68;991;1;Undirected
69;514;1;Undirected
69;149;1;Undirected
69;310;1;Undirected
69;927;1;Undirected
70;128;1;Undirected
70;136;1;Undirected
70;267;1;Undirected
70;620;1;Undirected
70;110;1;Undirected
70;209;1;Undirected
70;313;1;Undirected
70;699;1;Undirected
70;188;1;Undirected
70;94;1;Undirected
70;351;1;Undirected
71;820;1;Undirected
71;89;1;Undirected
71;443;1;Undirected
71;140;1;Undirected
71;173;1;Undirected
72;884;1;Undirected
72;199;1;Undirected
72;311;1;Undirected
72;120;1;Undirected
72;344;1;Undirected
72;89;1;Undirected
72;489;1;Undirected
72;173;1;Undirected
73;432;1;Undirected
73;133;1;Undirected
73;181;1;Undirected
73;493;1;Undirected
73;78;1;Undirected
73;222;1;Undirected
73;431;1;Undirected
74;706;1;Undirected
74;838;1;Undirected
74;552;1;Undirected
74;138;1;Undirected
74;555;1;Undirected
74;367;1;Undirected
74;975;1;Undirected
74;336;1;Undirected
74;343;1;Undirected
74;315;1;Undirected
74;125;1;Undirected
74;543;1;Undirected
75;131;1;Undirected
75;404;1;Undirected
75;104;1;Undirected
75;344;1;Undirected
75;521;1;Undirected
75;155;1;Undirected
75;462;1;Undirected
76;745;1;Undirected
76;299;1;Undirected
76;751;1;Undirected
76;176;1;Undirected
76;753;1;Undirected
76;148;1;Undirected
76;180;1;Undirected
76;86;1;Undirected
76;88;1;Undirected
76;95;1;Undirected
77;868;1;Undirected
77;935;1;Undirected
77;142;1;Undirected
77;782;1;Undirected
78;209;1;Undirected
78;961;1;Undirected
78;101;1;Undirected
78;118;1;Undirected
78;249;1;Undirected
78;619;1;Undirected
78;287;1;Undirected
79;256;1;Undirected
79;258;1;Undirected
79;211;1;Undirected
79;297;1;Undirected
79;346;1;Undirected
79;682;1;Undirected
79;94;1;Undirected
80;289;1;Undirected
80;835;1;Undirected
80;463;1;Undirected
80;719;1;Undirected
80;144;1;Undirected
80;81;1;Undirected
80;243;1;Undirected
80;151;1;Undirected
80;919;1;Undirected
80;123;1;Undirected
80;670;1;Undirected
81;129;1;Undirected
81;385;1;Undirected
81;833;1;Undirected
81;642;1;Undirected
81;259;1;Undirected
81;100;1;Undirected
81;455;1;Undirected
81;877;1;Undirected
81;111;1;Undirected
81;337;1;Undirected
81;82;1;Undirected
81;91;1;Undirected
81;731;1;Undirected
81;156;1;Undirected
81;254;1;Undirected
82;288;1;Undirected
82;130;1;Undirected
82;263;1;Undirected
82;361;1;Undirected
82;937;1;Undirected
82;202;1;Undirected
82;810;1;Undirected
82;303;1;Undirected
82;337;1;Undirected
82;243;1;Undirected
82;373;1;Undirected
82;501;1;Undirected
82;120;1;Undirected
82;889;1;Undirected
82;251;1;Undirected
82;93;1;Undirected
83;102;1;Undirected
83;680;1;Undirected
83;304;1;Undirected
83;784;1;Undirected
83;563;1;Undirected
83;755;1;Undirected
83;788;1;Undirected
83;151;1;Undirected
83;439;1;Undirected
83;152;1;Undirected
83;154;1;Undirected
83;91;1;Undirected
84;99;1;Undirected
84;995;1;Undirected
84;617;1;Undirected
84;239;1;Undirected
84;623;1;Undirected
84;145;1;Undirected
84;274;1;Undirected
84;786;1;Undirected
84;183;1;Undirected
84;344;1;Undirected
84;347;1;Undirected
84;958;1;Undirected
85;386;1;Undirected
85;99;1;Undirected
85;771;1;Undirected
85;233;1;Undirected
85;873;1;Undirected
85;170;1;Undirected
85;242;1;Undirected
85;117;1;Undirected
85;437;1;Undirected
85;502;1;Undirected
85;733;1;Undirected
86;449;1;Undirected
86;163;1;Undirected
86;259;1;Undirected
86;164;1;Undirected
86;485;1;Undirected
86;143;1;Undirected
86;981;1;Undirected
86;150;1;Undirected
86;215;1;Undirected
86;282;1;Undirected
86;190;1;Undirected
87;128;1;Undirected
87;137;1;Undirected
87;266;1;Undirected
87;331;1;Undirected
87;204;1;Undirected
87;148;1;Undirected
87;724;1;Undirected
87;214;1;Undirected
87;218;1;Undirected
87;538;1;Undirected
87;158;1;Undirected
88;192;1;Undirected
88;352;1;Undirected
88;836;1;Undirected
88;135;1;Undirected
88;138;1;Undirected
88;170;1;Undirected
88;426;1;Undirected
88;110;1;Undirected
88;114;1;Undirected
88;117;1;Undirected
89;113;1;Undirected
89;209;1;Undirected
89;179;1;Undirected
89;308;1;Undirected
89;538;1;Undirected
89;970;1;Undirected
89;92;1;Undirected
89;862;1;Undirected
90;176;1;Undirected
90;100;1;Undirected
90;356;1;Undirected
90;534;1;Undirected
90;503;1;Undirected
90;108;1;Undirected
90;189;1;Undirected
91;417;1;Undirected
91;931;1;Undirected
91;228;1;Undirected
91;133;1;Undirected
91;393;1;Undirected
91;138;1;Undirected
91;843;1;Undirected
92;611;1;Undirected
92;709;1;Undirected
92;200;1;Undirected
92;392;1;Undirected
92;524;1;Undirected
92;407;1;Undirected
92;410;1;Undirected
92;634;1;Undirected
92;443;1;Undirected
92;859;1;Undirected
92;317;1;Undirected
92;126;1;Undirected
93;97;1;Undirected
93;197;1;Undirected
93;517;1;Undirected
93;549;1;Undirected
93;119;1;Undirected
93;104;1;Undirected
93;124;1;Undirected
94;145;1;Undirected
94;212;1;Undirected
94;293;1;Undirected
94;378;1;Undirected
94;508;1;Undirected
94;111;1;Undirected
95;261;1;Undirected
95;152;1;Undirected
95;216;1;Undirected
95;425;1;Undirected
95;234;1;Undirected
96;464;1;Undirected
96;678;1;Undirected
96;311;1;Undirected
96;265;1;Undirected
96;107;1;Undirected
96;123;1;Undirected
96;637;1;Undirected
96;159;1;Undirected
97;578;1;Undirected
97;131;1;Undirected
97;356;1;Undirected
97;103;1;Undirected
97;168;1;Undirected
97;140;1;Undirected
97;177;1;Undirected
97;790;1;Undirected
97;759;1;Undirected
97;186;1;Undirected
97;314;1;Undirected
97;156;1;Undirected
97;253;1;Undirected
97;350;1;Undirected
98;865;1;Undirected
98;326;1;Undirected
98;168;1;Undirected
98;424;1;Undirected
98;651;1;Undirected
98;241;1;Undirected
98;116;1;Undirected
98;184;1;Undirected
98;415;1;Undirected
99;226;1;Undirected
99;131;1;Undirected
99;324;1;Undirected
99;230;1;Undirected
99;520;1;Undirected
99;106;1;Undirected
99;107;1;Undirected
99;555;1;Undirected
99;274;1;Undirected
99;568;1;Undirected
99;156;1;Undirected
99;543;1;Undirected
100;112;1;Undirected
100;196;1;Undirected
100;244;1;Undirected
100;952;1;Undirected
100;223;1;Undirected
101;769;1;Undirected
101;646;1;Undirected
101;902;1;Undirected
101;967;1;Undirected
101;106;1;Undirected
101;172;1;Undirected
101;332;1;Undirected
101;212;1;Undirected
101;536;1;Undirected
101;121;1;Undirected
101;990;1;Undirected
101;511;1;Undirected
102;112;1;Undirected
102;144;1;Undirected
102;339;1;Undirected
102;787;1;Undirected
102;198;1;Undirected
102;806;1;Undirected
102;105;1;Undirected
102;237;1;Undirected
103;947;1;Undirected
103;405;1;Undirected
103;631;1;Undirected
103;395;1;Undirected
103;460;1;Undirected
103;718;1;Undirected
103;910;1;Undirected
104;144;1;Undirected
104;193;1;Undirected
104;433;1;Undirected
104;116;1;Undirected
104;267;1;Undirected
104;604;1;Undirected
104;270;1;Undirected
105;422;1;Undirected
105;812;1;Undirected
105;239;1;Undirected
105;496;1;Undirected
105;755;1;Undirected
105;180;1;Undirected
105;692;1;Undirected
105;535;1;Undirected
105;409;1;Undirected
105;186;1;Undirected
105;157;1;Undirected
106;225;1;Undirected
106;426;1;Undirected
106;304;1;Undirected
106;177;1;Undirected
106;434;1;Undirected
106;562;1;Undirected
106;118;1;Undirected
106;154;1;Undirected
106;732;1;Undirected
107;177;1;Undirected
107;305;1;Undirected
107;802;1;Undirected
107;119;1;Undirected
107;647;1;Undirected
108;451;1;Undirected
108;486;1;Undirected
108;264;1;Undirected
108;939;1;Undirected
108;974;1;Undirected
108;980;1;Undirected
108;598;1;Undirected
108;121;1;Undirected
108;122;1;Undirected
109;132;1;Undirected
109;696;1;Undirected
109;297;1;Undirected
109;138;1;Undirected
109;186;1;Undirected
109;907;1;Undirected
109;350;1;Undirected
110;930;1;Undirected
110;389;1;Undirected
110;263;1;Undirected
110;967;1;Undirected
110;558;1;Undirected
110;335;1;Undirected
110;527;1;Undirected
110;529;1;Undirected
110;626;1;Undirected
110;853;1;Undirected
110;248;1;Undirected
110;600;1;Undirected
110;220;1;Undirected
110;287;1;Undirected
111;115;1;Undirected
111;228;1;Undirected
111;277;1;Undirected
111;616;1;Undirected
111;697;1;Undirected
111;191;1;Undirected
111;271;1;Undirected
112;290;1;Undirected
112;198;1;Undirected
112;393;1;Undirected
112;491;1;Undirected
112;142;1;Undirected
112;176;1;Undirected
112;400;1;Undirected
112;146;1;Undirected
112;118;1;Undirected
112;248;1;Undirected
112;665;1;Undirected
112;506;1;Undirected
112;283;1;Undirected
113;880;1;Undirected
113;373;1;Undirected
113;614;1;Undirected
113;360;1;Undirected
113;234;1;Undirected
113;733;1;Undirected
114;131;1;Undirected
114;483;1;Undirected
114;166;1;Undirected
114;390;1;Undirected
114;966;1;Undirected
114;169;1;Undirected
114;498;1;Undirected
114;601;1;Undirected
114;154;1;Undirected
115;917;1;Undirected
115;518;1;Undirected
115;281;1;Undirected
115;141;1;Undirected
115;157;1;Undirected
115;127;1;Undirected
116;423;1;Undirected
116;364;1;Undirected
116;126;1;Undirected
117;582;1;Undirected
117;747;1;Undirected
117;820;1;Undirected
117;470;1;Undirected
117;187;1;Undirected
117;188;1;Undirected
117;572;1;Undirected
117;317;1;Undirected
117;255;1;Undirected
118;128;1;Undirected
118;786;1;Undirected
118;212;1;Undirected
118;452;1;Undirected
118;615;1;Undirected
118;856;1;Undirected
119;322;1;Undirected
119;170;1;Undirected
119;147;1;Undirected
119;211;1;Undirected
119;467;1;Undirected
119;436;1;Undirected
119;567;1;Undirected
119;282;1;Undirected
119;989;1;Undirected
120;135;1;Undirected
120;232;1;Undirected
120;171;1;Undirected
120;781;1;Undirected
120;208;1;Undirected
120;210;1;Undirected
120;212;1;Undirected
120;281;1;Undirected
120;155;1;Undirected
121;614;1;Undirected
121;330;1;Undirected
121;362;1;Undirected
121;299;1;Undirected
121;172;1;Undirected
121;751;1;Undirected
121;145;1;Undirected
121;403;1;Undirected
121;247;1;Undirected
121;312;1;Undirected
121;223;1;Undirected
122;273;1;Undirected
122;388;1;Undirected
122;197;1;Undirected
122;310;1;Undirected
122;475;1;Undirected
122;158;1;Undirected
122;254;1;Undirected
123;484;1;Undirected
123;325;1;Undirected
123;486;1;Undirected
123;377;1;Undirected
123;364;1;Undirected
123;205;1;Undirected
123;126;1;Undirected
124;425;1;Undirected
124;282;1;Undirected
124;638;1;Undirected
125;309;1;Undirected
125;134;1;Undirected
125;295;1;Undirected
125;410;1;Undirected
125;174;1;Undirected
126;146;1;Undirected
126;370;1;Undirected
126;466;1;Undirected
126;885;1;Undirected
126;489;1;Undirected
126;266;1;Undirected
126;142;1;Undirected
127;306;1;Undirected
127;147;1;Undirected
127;390;1;Undirected
127;152;1;Undirected
127;860;1;Undirected
127;590;1;Undirected
127;719;1;Undirected
128;161;1;Undirected
128;371;1;Undirected
128;566;1;Undirected
128;215;1;Undirected
128;922;1;Undirected
128;139;1;Undirected
129;289;1;Undirected
129;164;1;Undirected
129;388;1;Undirected
129;560;1;Undirected
129;183;1;Undirected
129;855;1;Undirected
129;440;1;Undirected
129;409;1;Undirected
129;602;1;Undirected
130;240;1;Undirected
130;372;1;Undirected
130;202;1;Undirected
130;570;1;Undirected
130;428;1;Undirected
131;137;1;Undirected
131;361;1;Undirected
131;205;1;Undirected
131;851;1;Undirected
131;692;1;Undirected
131;600;1;Undirected
131;187;1;Undirected
131;923;1;Undirected
131;191;1;Undirected
132;256;1;Undirected
132;194;1;Undirected
132;533;1;Undirected
132;232;1;Undirected
132;169;1;Undirected
132;620;1;Undirected
132;606;1;Undirected
133;240;1;Undirected
133;641;1;Undirected
133;421;1;Undirected
133;635;1;Undirected
133;301;1;Undirected
133;334;1;Undirected
134;785;1;Undirected
134;327;1;Undirected
134;604;1;Undirected
134;159;1;Undirected
135;192;1;Undirected
135;993;1;Undirected
135;163;1;Undirected
135;805;1;Undirected
135;231;1;Undirected
135;426;1;Undirected
135;490;1;Undirected
135;813;1;Undirected
135;398;1;Undirected
135;339;1;Undirected
135;182;1;Undirected
135;796;1;Undirected
136;339;1;Undirected
136;515;1;Undirected
136;342;1;Undirected
136;551;1;Undirected
136;316;1;Undirected
137;257;1;Undirected
137;737;1;Undirected
137;833;1;Undirected
137;168;1;Undirected
137;492;1;Undirected
137;397;1;Undirected
137;273;1;Undirected
137;659;1;Undirected
137;246;1;Undirected
137;191;1;Undirected
138;195;1;Undirected
138;932;1;Undirected
138;165;1;Undirected
138;358;1;Undirected
138;168;1;Undirected
138;201;1;Undirected
138;297;1;Undirected
138;139;1;Undirected
138;267;1;Undirected
138;813;1;Undirected
138;283;1;Undirected
139;146;1;Undirected
139;514;1;Undirected
139;834;1;Undirected
139;899;1;Undirected
139;196;1;Undirected
139;852;1;Undirected
139;443;1;Undirected
139;286;1;Undirected
140;674;1;Undirected
140;357;1;Undirected
140;185;1;Undirected
140;410;1;Undirected
140;651;1;Undirected
140;174;1;Undirected
140;766;1;Undirected
140;319;1;Undirected
141;209;1;Undirected
141;374;1;Undirected
141;329;1;Undirected
141;682;1;Undirected
141;699;1;Undirected
141;956;1;Undirected
142;736;1;Undirected
142;167;1;Undirected
142;583;1;Undirected
142;648;1;Undirected
142;719;1;Undirected
142;180;1;Undirected
142;437;1;Undirected
142;183;1;Undirected
142;730;1;Undirected
142;318;1;Undirected
143;418;1;Undirected
143;294;1;Undirected
143;330;1;Undirected
143;239;1;Undirected
143;629;1;Undirected
143;759;1;Undirected
143;504;1;Undirected
143;185;1;Undirected
143;253;1;Undirected
143;382;1;Undirected
143;446;1;Undirected
144;944;1;Undirected
144;388;1;Undirected
144;692;1;Undirected
144;325;1;Undirected
144;198;1;Undirected
144;262;1;Undirected
144;728;1;Undirected
144;858;1;Undirected
145;160;1;Undirected
145;641;1;Undirected
145;741;1;Undirected
145;492;1;Undirected
145;590;1;Undirected
145;242;1;Undirected
145;626;1;Undirected
145;471;1;Undirected
145;664;1;Undirected
145;952;1;Undirected
145;217;1;Undirected
145;507;1;Undirected
146;769;1;Undirected
146;180;1;Undirected
146;408;1;Undirected
146;728;1;Undirected
146;300;1;Undirected
146;206;1;Undirected
147;641;1;Undirected
147;977;1;Undirected
147;211;1;Undirected
147;228;1;Undirected
147;772;1;Undirected
147;230;1;Undirected
147;585;1;Undirected
147;414;1;Undirected
148;416;1;Undirected
148;640;1;Undirected
148;433;1;Undirected
148;194;1;Undirected
148;403;1;Undirected
148;435;1;Undirected
149;530;1;Undirected
149;754;1;Undirected
149;563;1;Undirected
149;484;1;Undirected
149;261;1;Undirected
149;474;1;Undirected
149;602;1;Undirected
149;767;1;Undirected
150;227;1;Undirected
150;361;1;Undirected
150;617;1;Undirected
150;175;1;Undirected
150;207;1;Undirected
150;432;1;Undirected
150;402;1;Undirected
150;404;1;Undirected
150;821;1;Undirected
150;152;1;Undirected
151;161;1;Undirected
151;194;1;Undirected
151;866;1;Undirected
151;564;1;Undirected
151;229;1;Undirected
151;950;1;Undirected
151;187;1;Undirected
151;558;1;Undirected
152;678;1;Undirected
152;777;1;Undirected
152;586;1;Undirected
152;911;1;Undirected
152;785;1;Undirected
152;215;1;Undirected
152;247;1;Undirected
152;473;1;Undirected
152;351;1;Undirected
153;242;1;Undirected
153;453;1;Undirected
153;470;1;Undirected
153;758;1;Undirected
153;217;1;Undirected
153;331;1;Undirected
153;507;1;Undirected
153;815;1;Undirected
154;355;1;Undirected
154;389;1;Undirected
154;522;1;Undirected
154;300;1;Undirected
154;349;1;Undirected
154;798;1;Undirected
154;175;1;Undirected
154;447;1;Undirected
155;162;1;Undirected
155;482;1;Undirected
155;742;1;Undirected
155;171;1;Undirected
155;587;1;Undirected
155;207;1;Undirected
155;367;1;Undirected
155;497;1;Undirected
155;882;1;Undirected
155;213;1;Undirected
155;694;1;Undirected
156;337;1;Undirected
156;310;1;Undirected
156;157;1;Undirected
156;221;1;Undirected
156;479;1;Undirected
157;448;1;Undirected
157;451;1;Undirected
157;835;1;Undirected
157;933;1;Undirected
157;550;1;Undirected
157;263;1;Undirected
157;200;1;Undirected
157;811;1;Undirected
157;972;1;Undirected
157;342;1;Undirected
158;329;1;Undirected
158;362;1;Undirected
158;206;1;Undirected
158;270;1;Undirected
158;943;1;Undirected
158;594;1;Undirected
158;181;1;Undirected
158;217;1;Undirected
158;219;1;Undirected
159;164;1;Undirected
159;660;1;Undirected
159;359;1;Undirected
159;189;1;Undirected
160;753;1;Undirected
160;929;1;Undirected
160;582;1;Undirected
160;646;1;Undirected
160;634;1;Undirected
160;203;1;Undirected
161;424;1;Undirected
161;457;1;Undirected
161;299;1;Undirected
162;738;1;Undirected
162;200;1;Undirected
162;332;1;Undirected
162;684;1;Undirected
162;397;1;Undirected
162;691;1;Undirected
162;851;1;Undirected
162;947;1;Undirected
162;277;1;Undirected
162;184;1;Undirected
162;185;1;Undirected
162;441;1;Undirected
162;506;1;Undirected
162;283;1;Undirected
162;573;1;Undirected
163;449;1;Undirected
163;836;1;Undirected
163;374;1;Undirected
163;630;1;Undirected
163;167;1;Undirected
163;345;1;Undirected
163;729;1;Undirected
163;666;1;Undirected
164;384;1;Undirected
164;677;1;Undirected
164;202;1;Undirected
164;427;1;Undirected
164;429;1;Undirected
164;496;1;Undirected
164;374;1;Undirected
164;406;1;Undirected
164;279;1;Undirected
164;251;1;Undirected
164;542;1;Undirected
165;401;1;Undirected
165;292;1;Undirected
165;996;1;Undirected
165;933;1;Undirected
165;536;1;Undirected
165;687;1;Undirected
166;336;1;Undirected
166;402;1;Undirected
166;341;1;Undirected
166;249;1;Undirected
166;206;1;Undirected
166;494;1;Undirected
166;351;1;Undirected
167;819;1;Undirected
167;325;1;Undirected
167;278;1;Undirected
167;265;1;Undirected
167;652;1;Undirected
168;288;1;Undirected
168;596;1;Undirected
168;964;1;Undirected
168;966;1;Undirected
168;350;1;Undirected
169;178;1;Undirected
169;306;1;Undirected
169;759;1;Undirected
169;953;1;Undirected
169;173;1;Undirected
170;768;1;Undirected
170;944;1;Undirected
170;210;1;Undirected
170;324;1;Undirected
171;608;1;Undirected
171;293;1;Undirected
171;871;1;Undirected
171;875;1;Undirected
171;971;1;Undirected
171;365;1;Undirected
171;942;1;Undirected
171;469;1;Undirected
171;343;1;Undirected
172;642;1;Undirected
172;292;1;Undirected
172;516;1;Undirected
172;581;1;Undirected
172;231;1;Undirected
172;715;1;Undirected
172;973;1;Undirected
172;847;1;Undirected
172;368;1;Undirected
172;755;1;Undirected
172;282;1;Undirected
172;316;1;Undirected
172;254;1;Undirected
173;400;1;Undirected
173;292;1;Undirected
173;295;1;Undirected
173;728;1;Undirected
173;188;1;Undirected
173;413;1;Undirected
173;223;1;Undirected
174;355;1;Undirected
174;518;1;Undirected
174;327;1;Undirected
174;181;1;Undirected
174;565;1;Undirected
174;950;1;Undirected
174;695;1;Undirected
174;537;1;Undirected
174;250;1;Undirected
174;351;1;Undirected
175;673;1;Undirected
175;739;1;Undirected
175;902;1;Undirected
175;551;1;Undirected
175;904;1;Undirected
175;266;1;Undirected
175;235;1;Undirected
175;683;1;Undirected
175;1003;1;Undirected
175;301;1;Undirected
175;941;1;Undirected
175;686;1;Undirected
175;473;1;Undirected
175;221;1;Undirected
175;702;1;Undirected
175;798;1;Undirected
176;291;1;Undirected
176;260;1;Undirected
176;681;1;Undirected
176;362;1;Undirected
176;270;1;Undirected
176;279;1;Undirected
176;248;1;Undirected
176;760;1;Undirected
176;382;1;Undirected
177;645;1;Undirected
177;216;1;Undirected
177;856;1;Undirected
177;298;1;Undirected
177;763;1;Undirected
177;476;1;Undirected
177;668;1;Undirected
177;974;1;Undirected
178;513;1;Undirected
178;230;1;Undirected
178;440;1;Undirected
179;244;1;Undirected
179;596;1;Undirected
179;229;1;Undirected
179;473;1;Undirected
179;204;1;Undirected
179;381;1;Undirected
180;193;1;Undirected
180;226;1;Undirected
180;324;1;Undirected
180;613;1;Undirected
180;436;1;Undirected
180;279;1;Undirected
180;409;1;Undirected
180;603;1;Undirected
180;572;1;Undirected
180;286;1;Undirected
181;288;1;Undirected
181;241;1;Undirected
181;498;1;Undirected
181;649;1;Undirected
181;937;1;Undirected
181;284;1;Undirected
181;334;1;Undirected
182;593;1;Undirected
182;722;1;Undirected
182;323;1;Undirected
182;531;1;Undirected
182;711;1;Undirected
182;408;1;Undirected
182;252;1;Undirected
183;566;1;Undirected
183;184;1;Undirected
183;281;1;Undirected
183;379;1;Undirected
183;236;1;Undirected
183;398;1;Undirected
184;227;1;Undirected
184;325;1;Undirected
184;551;1;Undirected
184;201;1;Undirected
184;272;1;Undirected
184;918;1;Undirected
184;631;1;Undirected
184;346;1;Undirected
184;347;1;Undirected
184;188;1;Undirected
184;316;1;Undirected
184;348;1;Undirected
184;253;1;Undirected
184;863;1;Undirected
185;257;1;Undirected
185;897;1;Undirected
185;727;1;Undirected
185;186;1;Undirected
185;380;1;Undirected
185;413;1;Undirected
186;913;1;Undirected
186;740;1;Undirected
186;376;1;Undirected
186;570;1;Undirected
186;268;1;Undirected
186;255;1;Undirected
187;192;1;Undirected
187;866;1;Undirected
187;612;1;Undirected
187;713;1;Undirected
187;495;1;Undirected
187;784;1;Undirected
187;945;1;Undirected
187;407;1;Undirected
187;189;1;Undirected
187;221;1;Undirected
187;510;1;Undirected
187;734;1;Undirected
188;752;1;Undirected
188;515;1;Undirected
188;842;1;Undirected
188;203;1;Undirected
188;189;1;Undirected
188;541;1;Undirected
188;366;1;Undirected
188;879;1;Undirected
189;224;1;Undirected
189;448;1;Undirected
189;321;1;Undirected
189;371;1;Undirected
189;584;1;Undirected
189;713;1;Undirected
189;972;1;Undirected
189;205;1;Undirected
190;272;1;Undirected
190;369;1;Undirected
190;370;1;Undirected
191;768;1;Undirected
191;231;1;Undirected
191;236;1;Undirected
191;589;1;Undirected
191;814;1;Undirected
191;467;1;Undirected
191;917;1;Undirected
191;891;1;Undirected
191;253;1;Undirected
192;307;1;Undirected
192;214;1;Undirected
192;953;1;Undirected
192;587;1;Undirected
192;237;1;Undirected
193;480;1;Undirected
193;387;1;Undirected
193;713;1;Undirected
193;717;1;Undirected
193;623;1;Undirected
193;277;1;Undirected
193;311;1;Undirected
193;761;1;Undirected
193;637;1;Undirected
194;272;1;Undirected
194;352;1;Undirected
194;341;1;Undirected
194;613;1;Undirected
194;280;1;Undirected
194;381;1;Undirected
195;384;1;Undirected
195;560;1;Undirected
195;227;1;Undirected
195;915;1;Undirected
195;235;1;Undirected
195;731;1;Undirected
195;476;1;Undirected
196;708;1;Undirected
196;357;1;Undirected
196;486;1;Undirected
196;646;1;Undirected
196;394;1;Undirected
196;239;1;Undirected
196;879;1;Undirected
196;304;1;Undirected
196;305;1;Undirected
196;476;1;Undirected
196;415;1;Undirected
197;577;1;Undirected
197;276;1;Undirected
197;532;1;Undirected
197;583;1;Undirected
197;668;1;Undirected
198;608;1;Undirected
198;356;1;Undirected
198;645;1;Undirected
198;455;1;Undirected
198;586;1;Undirected
198;276;1;Undirected
198;438;1;Undirected
198;631;1;Undirected
198;477;1;Undirected
199;823;1;Undirected
199;552;1;Undirected
199;953;1;Undirected
199;927;1;Undirected
200;625;1;Undirected
200;787;1;Undirected
200;215;1;Undirected
200;986;1;Undirected
200;412;1;Undirected
201;208;1;Undirected
201;972;1;Undirected
202;481;1;Undirected
202;610;1;Undirected
202;403;1;Undirected
202;919;1;Undirected
202;632;1;Undirected
202;569;1;Undirected
202;491;1;Undirected
203;418;1;Undirected
203;450;1;Undirected
203;243;1;Undirected
203;982;1;Undirected
203;599;1;Undirected
203;508;1;Undirected
203;701;1;Undirected
203;223;1;Undirected
203;671;1;Undirected
204;768;1;Undirected
204;482;1;Undirected
204;291;1;Undirected
204;723;1;Undirected
204;285;1;Undirected
204;207;1;Undirected
204;543;1;Undirected
205;915;1;Undirected
205;340;1;Undirected
205;484;1;Undirected
205;558;1;Undirected
206;289;1;Undirected
206;392;1;Undirected
206;585;1;Undirected
206;747;1;Undirected
206;430;1;Undirected
206;655;1;Undirected
206;369;1;Undirected
206;401;1;Undirected
206;406;1;Undirected
206;219;1;Undirected
207;609;1;Undirected
207;818;1;Undirected
207;487;1;Undirected
207;219;1;Undirected
208;374;1;Undirected
208;518;1;Undirected
208;487;1;Undirected
208;235;1;Undirected
208;302;1;Undirected
208;414;1;Undirected
209;256;1;Undirected
209;275;1;Undirected
209;707;1;Undirected
209;233;1;Undirected
209;461;1;Undirected
209;541;1;Undirected
209;222;1;Undirected
210;704;1;Undirected
210;291;1;Undirected
210;516;1;Undirected
210;679;1;Undirected
210;574;1;Undirected
211;529;1;Undirected
211;434;1;Undirected
211;326;1;Undirected
211;360;1;Undirected
211;633;1;Undirected
211;522;1;Undirected
211;319;1;Undirected
212;961;1;Undirected
212;770;1;Undirected
212;711;1;Undirected
212;458;1;Undirected
212;526;1;Undirected
212;400;1;Undirected
212;401;1;Undirected
212;537;1;Undirected
212;601;1;Undirected
212;921;1;Undirected
212;574;1;Undirected
213;376;1;Undirected
213;938;1;Undirected
213;349;1;Undirected
213;766;1;Undirected
214;592;1;Undirected
214;800;1;Undirected
214;946;1;Undirected
214;262;1;Undirected
214;758;1;Undirected
214;956;1;Undirected
214;254;1;Undirected
215;451;1;Undirected
215;516;1;Undirected
215;332;1;Undirected
215;269;1;Undirected
215;273;1;Undirected
215;822;1;Undirected
215;280;1;Undirected
215;444;1;Undirected
215;540;1;Undirected
216;481;1;Undirected
216;717;1;Undirected
216;558;1;Undirected
216;275;1;Undirected
216;372;1;Undirected
216;758;1;Undirected
216;343;1;Undirected
216;378;1;Undirected
216;892;1;Undirected
216;831;1;Undirected
217;308;1;Undirected
217;358;1;Undirected
217;520;1;Undirected
218;354;1;Undirected
218;658;1;Undirected
218;930;1;Undirected
218;822;1;Undirected
218;902;1;Undirected
219;850;1;Undirected
219;436;1;Undirected
219;740;1;Undirected
219;405;1;Undirected
219;539;1;Undirected
219;763;1;Undirected
220;658;1;Undirected
220;612;1;Undirected
220;251;1;Undirected
220;348;1;Undirected
220;620;1;Undirected
220;687;1;Undirected
220;735;1;Undirected
221;261;1;Undirected
221;749;1;Undirected
221;271;1;Undirected
221;369;1;Undirected
221;817;1;Undirected
221;818;1;Undirected
221;244;1;Undirected
221;760;1;Undirected
221;382;1;Undirected
222;979;1;Undirected
222;580;1;Undirected
222;824;1;Undirected
222;714;1;Undirected
222;476;1;Undirected
223;599;1;Undirected
223;509;1;Undirected
223;638;1;Undirected
224;849;1;Undirected
224;435;1;Undirected
224;229;1;Undirected
224;375;1;Undirected
224;328;1;Undirected
224;238;1;Undirected
224;286;1;Undirected
224;782;1;Undirected
225;576;1;Undirected
225;482;1;Undirected
225;293;1;Undirected
225;250;1;Undirected
225;554;1;Undirected
225;954;1;Undirected
225;235;1;Undirected
226;881;1;Undirected
226;227;1;Undirected
226;565;1;Undirected
226;249;1;Undirected
226;265;1;Undirected
226;319;1;Undirected
227;848;1;Undirected
227;896;1;Undirected
227;787;1;Undirected
227;312;1;Undirected
228;241;1;Undirected
228;561;1;Undirected
228;819;1;Undirected
228;470;1;Undirected
228;478;1;Undirected
229;452;1;Undirected
229;488;1;Undirected
229;840;1;Undirected
229;905;1;Undirected
229;298;1;Undirected
229;559;1;Undirected
229;246;1;Undirected
229;571;1;Undirected
229;923;1;Undirected
230;979;1;Undirected
230;267;1;Undirected
230;876;1;Undirected
230;781;1;Undirected
231;860;1;Undirected
231;766;1;Undirected
231;271;1;Undirected
232;352;1;Undirected
232;978;1;Undirected
232;909;1;Undirected
232;271;1;Undirected
233;371;1;Undirected
233;521;1;Undirected
233;285;1;Undirected
234;387;1;Undirected
234;324;1;Undirected
234;679;1;Undirected
234;296;1;Undirected
234;297;1;Undirected
234;795;1;Undirected
235;242;1;Undirected
235;675;1;Undirected
235;246;1;Undirected
235;904;1;Undirected
235;920;1;Undirected
235;685;1;Undirected
236;320;1;Undirected
236;259;1;Undirected
236;307;1;Undirected
236;579;1;Undirected
236;899;1;Undirected
236;837;1;Undirected
236;744;1;Undirected
236;365;1;Undirected
237;247;1;Undirected
237;263;1;Undirected
237;535;1;Undirected
237;376;1;Undirected
237;926;1;Undirected
238;641;1;Undirected
238;669;1;Undirected
238;655;1;Undirected
239;528;1;Undirected
239;278;1;Undirected
239;518;1;Undirected
239;343;1;Undirected
239;459;1;Undirected
239;971;1;Undirected
239;285;1;Undirected
240;898;1;Undirected
240;307;1;Undirected
240;509;1;Undirected
240;255;1;Undirected
240;799;1;Undirected
241;800;1;Undirected
241;403;1;Undirected
241;537;1;Undirected
241;411;1;Undirected
241;846;1;Undirected
242;257;1;Undirected
242;773;1;Undirected
242;552;1;Undirected
242;475;1;Undirected
242;715;1;Undirected
242;652;1;Undirected
243;320;1;Undirected
243;390;1;Undirected
243;726;1;Undirected
243;890;1;Undirected
243;365;1;Undirected
243;510;1;Undirected
243;415;1;Undirected
243;559;1;Undirected
244;628;1;Undirected
244;661;1;Undirected
244;742;1;Undirected
244;327;1;Undirected
244;296;1;Undirected
244;504;1;Undirected
244;490;1;Undirected
245;320;1;Undirected
245;612;1;Undirected
245;821;1;Undirected
245;454;1;Undirected
245;330;1;Undirected
245;396;1;Undirected
245;302;1;Undirected
246;308;1;Undirected
246;981;1;Undirected
246;822;1;Undirected
246;765;1;Undirected
246;463;1;Undirected
247;419;1;Undirected
247;852;1;Undirected
248;595;1;Undirected
248;468;1;Undirected
248;389;1;Undirected
248;666;1;Undirected
248;460;1;Undirected
248;781;1;Undirected
248;926;1;Undirected
249;464;1;Undirected
249;690;1;Undirected
249;394;1;Undirected
249;331;1;Undirected
249;284;1;Undirected
249;844;1;Undirected
250;673;1;Undirected
250;897;1;Undirected
250;661;1;Undirected
250;344;1;Undirected
250;776;1;Undirected
250;367;1;Undirected
251;864;1;Undirected
251;321;1;Undirected
251;705;1;Undirected
251;293;1;Undirected
251;550;1;Undirected
251;682;1;Undirected
251;303;1;Undirected
251;657;1;Undirected
251;349;1;Undirected
251;574;1;Undirected
252;820;1;Undirected
252;761;1;Undirected
252;570;1;Undirected
252;399;1;Undirected
253;401;1;Undirected
253;786;1;Undirected
253;931;1;Undirected
253;373;1;Undirected
253;264;1;Undirected
253;664;1;Undirected
254;455;1;Undirected
254;268;1;Undirected
254;276;1;Undirected
254;309;1;Undirected
254;278;1;Undirected
254;408;1;Undirected
254;442;1;Undirected
254;283;1;Undirected
254;797;1;Undirected
254;287;1;Undirected
255;837;1;Undirected
255;262;1;Undirected
255;460;1;Undirected
255;335;1;Undirected
256;260;1;Undirected
256;583;1;Undirected
256;650;1;Undirected
256;466;1;Undirected
256;534;1;Undirected
256;313;1;Undirected
256;698;1;Undirected
256;411;1;Undirected
256;988;1;Undirected
256;542;1;Undirected
257;563;1;Undirected
257;372;1;Undirected
257;266;1;Undirected
257;427;1;Undirected
258;656;1;Undirected
258;929;1;Undirected
258;308;1;Undirected
258;309;1;Undirected
258;823;1;Undirected
258;920;1;Undirected
258;269;1;Undirected
259;346;1;Undirected
259;334;1;Undirected
259;350;1;Undirected
260;752;1;Undirected
260;917;1;Undirected
260;295;1;Undirected
260;303;1;Undirected
261;872;1;Undirected
261;538;1;Undirected
262;292;1;Undirected
262;423;1;Undirected
262;791;1;Undirected
262;268;1;Undirected
262;957;1;Undirected
262;527;1;Undirected
263;865;1;Undirected
263;740;1;Undirected
263;996;1;Undirected
263;680;1;Undirected
263;362;1;Undirected
263;305;1;Undirected
263;914;1;Undirected
263;757;1;Undirected
263;380;1;Undirected
263;828;1;Undirected
264;342;1;Undirected
264;295;1;Undirected
264;311;1;Undirected
264;765;1;Undirected
264;829;1;Undirected
265;924;1;Undirected
265;925;1;Undirected
265;318;1;Undirected
266;660;1;Undirected
266;319;1;Undirected
267;595;1;Undirected
267;372;1;Undirected
267;436;1;Undirected
267;997;1;Undirected
268;635;1;Undirected
268;667;1;Undirected
269;609;1;Undirected
269;690;1;Undirected
269;280;1;Undirected
269;777;1;Undirected
270;721;1;Undirected
270;818;1;Undirected
270;772;1;Undirected
270;535;1;Undirected
270;280;1;Undirected
270;653;1;Undirected
271;496;1;Undirected
271;501;1;Undirected
271;568;1;Undirected
271;699;1;Undirected
271;797;1;Undirected
271;399;1;Undirected
272;880;1;Undirected
272;484;1;Undirected
272;603;1;Undirected
272;398;1;Undirected
273;402;1;Undirected
273;454;1;Undirected
273;313;1;Undirected
273;601;1;Undirected
273;315;1;Undirected
273;669;1;Undirected
274;791;1;Undirected
274;987;1;Undirected
274;383;1;Undirected
275;278;1;Undirected
275;312;1;Undirected
275;396;1;Undirected
276;609;1;Undirected
276;359;1;Undirected
276;536;1;Undirected
276;479;1;Undirected
277;867;1;Undirected
277;442;1;Undirected
277;444;1;Undirected
277;333;1;Undirected
277;733;1;Undirected
277;383;1;Undirected
278;935;1;Undirected
278;345;1;Undirected
278;858;1;Undirected
279;435;1;Undirected
279;900;1;Undirected
279;762;1;Undirected
279;922;1;Undirected
280;337;1;Undirected
280;409;1;Undirected
281;804;1;Undirected
281;519;1;Undirected
281;651;1;Undirected
281;526;1;Undirected
281;496;1;Undirected
281;855;1;Undirected
281;472;1;Undirected
281;984;1;Undirected
281;284;1;Undirected
281;575;1;Undirected
282;944;1;Undirected
282;418;1;Undirected
282;499;1;Undirected
282;615;1;Undirected
282;796;1;Undirected
283;368;1;Undirected
283;673;1;Undirected
283;339;1;Undirected
283;373;1;Undirected
283;677;1;Undirected
283;696;1;Undirected
284;837;1;Undirected
284;853;1;Undirected
284;347;1;Undirected
284;686;1;Undirected
285;385;1;Undirected
285;370;1;Undirected
285;363;1;Undirected
285;748;1;Undirected
285;605;1;Undirected
286;456;1;Undirected
286;425;1;Undirected
286;941;1;Undirected
287;420;1;Undirected
287;662;1;Undirected
287;472;1;Undirected
287;634;1;Undirected
287;475;1;Undirected
287;302;1;Undirected
287;622;1;Undirected
288;353;1;Undirected
288;901;1;Undirected
288;296;1;Undirected
288;457;1;Undirected
288;554;1;Undirected
288;445;1;Undirected
288;607;1;Undirected
289;354;1;Undirected
289;869;1;Undirected
289;794;1;Undirected
289;382;1;Undirected
290;736;1;Undirected
290;756;1;Undirected
290;718;1;Undirected
291;736;1;Undirected
291;305;1;Undirected
291;338;1;Undirected
291;423;1;Undirected
291;825;1;Undirected
291;557;1;Undirected
291;526;1;Undirected
292;805;1;Undirected
292;414;1;Undirected
293;354;1;Undirected
293;326;1;Undirected
293;809;1;Undirected
294;460;1;Undirected
295;338;1;Undirected
295;482;1;Undirected
295;869;1;Undirected
295;470;1;Undirected
295;681;1;Undirected
295;298;1;Undirected
296;392;1;Undirected
296;317;1;Undirected
296;318;1;Undirected
296;447;1;Undirected
297;771;1;Undirected
297;491;1;Undirected
297;300;1;Undirected
297;396;1;Undirected
297;365;1;Undirected
297;657;1;Undirected
297;340;1;Undirected
297;315;1;Undirected
297;479;1;Undirected
298;739;1;Undirected
298;565;1;Undirected
298;375;1;Undirected
298;568;1;Undirected
299;323;1;Undirected
299;567;1;Undirected
300;645;1;Undirected
300;901;1;Undirected
300;806;1;Undirected
300;359;1;Undirected
300;983;1;Undirected
300;428;1;Undirected
300;334;1;Undirected
301;785;1;Undirected
301;786;1;Undirected
301;725;1;Undirected
301;375;1;Undirected
301;360;1;Undirected
301;633;1;Undirected
301;1001;1;Undirected
301;478;1;Undirected
302;464;1;Undirected
302;944;1;Undirected
302;658;1;Undirected
302;936;1;Undirected
302;846;1;Undirected
303;919;1;Undirected
303;329;1;Undirected
304;515;1;Undirected
304;985;1;Undirected
305;359;1;Undirected
305;487;1;Undirected
305;824;1;Undirected
305;490;1;Undirected
305;379;1;Undirected
306;450;1;Undirected
306;468;1;Undirected
306;454;1;Undirected
306;646;1;Undirected
306;710;1;Undirected
307;594;1;Undirected
307;674;1;Undirected
307;581;1;Undirected
307;455;1;Undirected
307;583;1;Undirected
307;743;1;Undirected
307;430;1;Undirected
308;914;1;Undirected
308;580;1;Undirected
308;712;1;Undirected
308;553;1;Undirected
308;330;1;Undirected
308;333;1;Undirected
309;353;1;Undirected
309;355;1;Undirected
309;532;1;Undirected
310;635;1;Undirected
310;364;1;Undirected
310;796;1;Undirected
310;445;1;Undirected
311;727;1;Undirected
311;730;1;Undirected
311;509;1;Undirected
311;367;1;Undirected
312;724;1;Undirected
312;503;1;Undirected
312;523;1;Undirected
312;703;1;Undirected
313;321;1;Undirected
313;883;1;Undirected
313;556;1;Undirected
313;670;1;Undirected
314;322;1;Undirected
314;388;1;Undirected
314;986;1;Undirected
314;591;1;Undirected
315;528;1;Undirected
315;917;1;Undirected
315;933;1;Undirected
315;888;1;Undirected
315;522;1;Undirected
315;461;1;Undirected
316;549;1;Undirected
316;457;1;Undirected
316;973;1;Undirected
317;980;1;Undirected
317;341;1;Undirected
317;424;1;Undirected
317;665;1;Undirected
317;682;1;Undirected
317;446;1;Undirected
318;656;1;Undirected
318;722;1;Undirected
319;596;1;Undirected
320;514;1;Undirected
321;982;1;Undirected
321;328;1;Undirected
321;381;1;Undirected
321;909;1;Undirected
322;946;1;Undirected
322;341;1;Undirected
322;829;1;Undirected
322;542;1;Undirected
323;663;1;Undirected
323;456;1;Undirected
323;441;1;Undirected
323;745;1;Undirected
323;335;1;Undirected
324;417;1;Undirected
324;504;1;Undirected
324;347;1;Undirected
324;797;1;Undirected
325;576;1;Undirected
325;810;1;Undirected
325;509;1;Undirected
326;720;1;Undirected
326;868;1;Undirected
327;928;1;Undirected
327;481;1;Undirected
327;438;1;Undirected
327;831;1;Undirected
328;563;1;Undirected
328;966;1;Undirected
328;697;1;Undirected
328;427;1;Undirected
328;507;1;Undirected
328;366;1;Undirected
329;480;1;Undirected
329;445;1;Undirected
329;479;1;Undirected
330;657;1;Undirected
330;611;1;Undirected
330;564;1;Undirected
330;586;1;Undirected
330;430;1;Undirected
331;576;1;Undirected
331;369;1;Undirected
331;371;1;Undirected
331;499;1;Undirected
331;486;1;Undirected
331;710;1;Undirected
331;444;1;Undirected
332;352;1;Undirected
332;338;1;Undirected
332;723;1;Undirected
332;919;1;Undirected
333;643;1;Undirected
333;566;1;Undirected
333;492;1;Undirected
333;478;1;Undirected
334;358;1;Undirected
334;442;1;Undirected
335;706;1;Undirected
335;838;1;Undirected
335;743;1;Undirected
335;426;1;Undirected
335;383;1;Undirected
336;993;1;Undirected
336;393;1;Undirected
336;937;1;Undirected
336;428;1;Undirected
336;908;1;Undirected
336;533;1;Undirected
336;377;1;Undirected
336;697;1;Undirected
336;761;1;Undirected
336;412;1;Undirected
336;734;1;Undirected
337;912;1;Undirected
337;634;1;Undirected
337;349;1;Undirected
338;611;1;Undirected
338;453;1;Undirected
338;614;1;Undirected
338;363;1;Undirected
339;998;1;Undirected
340;704;1;Undirected
340;449;1;Undirected
340;879;1;Undirected
341;691;1;Undirected
341;420;1;Undirected
341;890;1;Undirected
341;431;1;Undirected
342;562;1;Undirected
342;549;1;Undirected
342;823;1;Undirected
342;921;1;Undirected
342;463;1;Undirected
343;708;1;Undirected
343;806;1;Undirected
343;808;1;Undirected
344;659;1;Undirected
344;756;1;Undirected
344;569;1;Undirected
344;906;1;Undirected
344;619;1;Undirected
344;429;1;Undirected
345;579;1;Undirected
345;932;1;Undirected
345;597;1;Undirected
345;630;1;Undirected
346;817;1;Undirected
346;399;1;Undirected
347;859;1;Undirected
347;829;1;Undirected
348;581;1;Undirected
348;869;1;Undirected
348;903;1;Undirected
348;377;1;Undirected
348;783;1;Undirected
349;497;1;Undirected
349;709;1;Undirected
349;523;1;Undirected
349;555;1;Undirected
349;716;1;Undirected
350;977;1;Undirected
350;626;1;Undirected
350;361;1;Undirected
351;800;1;Undirected
351;948;1;Undirected
351;503;1;Undirected
351;969;1;Undirected
352;466;1;Undirected
352;748;1;Undirected
353;756;1;Undirected
353;378;1;Undirected
353;685;1;Undirected
354;355;1;Undirected
354;549;1;Undirected
354;649;1;Undirected
354;602;1;Undirected
354;461;1;Undirected
354;494;1;Undirected
355;547;1;Undirected
355;699;1;Undirected
355;380;1;Undirected
355;397;1;Undirected
355;877;1;Undirected
356;629;1;Undirected
356;725;1;Undirected
356;502;1;Undirected
357;532;1;Undirected
357;628;1;Undirected
357;742;1;Undirected
357;999;1;Undirected
358;784;1;Undirected
358;948;1;Undirected
358;536;1;Undirected
358;767;1;Undirected
359;480;1;Undirected
359;370;1;Undirected
359;501;1;Undirected
359;502;1;Undirected
359;648;1;Undirected
359;379;1;Undirected
360;690;1;Undirected
360;884;1;Undirected
360;453;1;Undirected
360;471;1;Undirected
360;702;1;Undirected
361;473;1;Undirected
361;505;1;Undirected
361;429;1;Undirected
361;590;1;Undirected
362;387;1;Undirected
362;959;1;Undirected
363;962;1;Undirected
363;931;1;Undirected
363;875;1;Undirected
363;557;1;Undirected
363;415;1;Undirected
363;671;1;Undirected
364;368;1;Undirected
364;785;1;Undirected
364;434;1;Undirected
364;660;1;Undirected
364;920;1;Undirected
365;642;1;Undirected
365;421;1;Undirected
365;459;1;Undirected
366;432;1;Undirected
366;871;1;Undirected
366;584;1;Undirected
367;977;1;Undirected
367;419;1;Undirected
367;659;1;Undirected
367;500;1;Undirected
367;398;1;Undirected
367;591;1;Undirected
368;853;1;Undirected
368;519;1;Undirected
368;649;1;Undirected
369;628;1;Undirected
369;948;1;Undirected
369;964;1;Undirected
369;438;1;Undirected
369;399;1;Undirected
370;661;1;Undirected
370;998;1;Undirected
370;938;1;Undirected
370;685;1;Undirected
370;957;1;Undirected
370;383;1;Undirected
370;623;1;Undirected
371;390;1;Undirected
371;888;1;Undirected
371;396;1;Undirected
371;463;1;Undirected
372;452;1;Undirected
372;534;1;Undirected
372;662;1;Undirected
372;1001;1;Undirected
372;826;1;Undirected
372;413;1;Undirected
372;942;1;Undirected
372;895;1;Undirected
373;465;1;Undirected
373;469;1;Undirected
374;868;1;Undirected
374;407;1;Undirected
374;603;1;Undirected
375;418;1;Undirected
375;676;1;Undirected
375;746;1;Undirected
375;892;1;Undirected
375;782;1;Undirected
376;384;1;Undirected
376;773;1;Undirected
376;391;1;Undirected
376;377;1;Undirected
376;764;1;Undirected
376;607;1;Undirected
377;963;1;Undirected
377;570;1;Undirected
377;955;1;Undirected
378;548;1;Undirected
379;433;1;Undirected
379;529;1;Undirected
379;750;1;Undirected
380;645;1;Undirected
380;918;1;Undirected
380;411;1;Undirected
380;845;1;Undirected
381;753;1;Undirected
381;517;1;Undirected
382;976;1;Undirected
382;550;1;Undirected
382;472;1;Undirected
382;922;1;Undirected
382;621;1;Undirected
383;404;1;Undirected
384;632;1;Undirected
384;573;1;Undirected
385;386;1;Undirected
385;611;1;Undirected
385;456;1;Undirected
385;554;1;Undirected
385;510;1;Undirected
386;513;1;Undirected
386;873;1;Undirected
386;557;1;Undirected
386;606;1;Undirected
386;895;1;Undirected
387;896;1;Undirected
387;683;1;Undirected
388;467;1;Undirected
388;483;1;Undirected
388;726;1;Undirected
388;774;1;Undirected
388;839;1;Undirected
388;554;1;Undirected
388;508;1;Undirected
389;417;1;Undirected
389;540;1;Undirected
389;700;1;Undirected
390;721;1;Undirected
391;805;1;Undirected
391;392;1;Undirected
391;666;1;Undirected
391;683;1;Undirected
391;795;1;Undirected
391;445;1;Undirected
392;512;1;Undirected
392;636;1;Undirected
393;834;1;Undirected
393;437;1;Undirected
393;394;1;Undirected
393;799;1;Undirected
394;501;1;Undirected
394;791;1;Undirected
394;504;1;Undirected
394;681;1;Undirected
394;715;1;Undirected
394;799;1;Undirected
394;831;1;Undirected
395;420;1;Undirected
395;966;1;Undirected
395;599;1;Undirected
395;616;1;Undirected
395;936;1;Undirected
395;749;1;Undirected
395;878;1;Undirected
396;871;1;Undirected
397;882;1;Undirected
397;596;1;Undirected
397;652;1;Undirected
398;472;1;Undirected
398;475;1;Undirected
398;700;1;Undirected
398;716;1;Undirected
399;468;1;Undirected
399;438;1;Undirected
399;636;1;Undirected
399;668;1;Undirected
400;421;1;Undirected
400;599;1;Undirected
400;571;1;Undirected
400;975;1;Undirected
401;997;1;Undirected
401;553;1;Undirected
402;848;1;Undirected
402;454;1;Undirected
402;430;1;Undirected
403;882;1;Undirected
403;419;1;Undirected
403;845;1;Undirected
404;462;1;Undirected
404;878;1;Undirected
405;709;1;Undirected
405;872;1;Undirected
405;665;1;Undirected
406;439;1;Undirected
407;882;1;Undirected
408;950;1;Undirected
409;576;1;Undirected
409;995;1;Undirected
409;440;1;Undirected
409;939;1;Undirected
409;621;1;Undirected
409;701;1;Undirected
409;590;1;Undirected
410;762;1;Undirected
410;524;1;Undirected
410;687;1;Undirected
411;962;1;Undirected
411;444;1;Undirected
412;935;1;Undirected
412;730;1;Undirected
412;507;1;Undirected
413;546;1;Undirected
413;867;1;Undirected
413;727;1;Undirected
413;907;1;Undirected
414;513;1;Undirected
414;769;1;Undirected
414;852;1;Undirected
414;423;1;Undirected
414;424;1;Undirected
414;508;1;Undirected
414;828;1;Undirected
414;798;1;Undirected
415;934;1;Undirected
415;456;1;Undirected
415;684;1;Undirected
415;812;1;Undirected
416;1004;1;Undirected
417;914;1;Undirected
417;743;1;Undirected
417;670;1;Undirected
418;545;1;Undirected
419;465;1;Undirected
419;466;1;Undirected
419;453;1;Undirected
419;775;1;Undirected
419;808;1;Undirected
419;459;1;Undirected
420;676;1;Undirected
420;457;1;Undirected
420;666;1;Undirected
420;636;1;Undirected
420;447;1;Undirected
421;579;1;Undirected
421;566;1;Undirected
421;474;1;Undirected
421;815;1;Undirected
422;561;1;Undirected
422;866;1;Undirected
422;467;1;Undirected
422;708;1;Undirected
422;522;1;Undirected
422;443;1;Undirected
423;688;1;Undirected
423;874;1;Undirected
423;459;1;Undirected
423;539;1;Undirected
424;712;1;Undirected
424;940;1;Undirected
424;622;1;Undirected
425;608;1;Undirected
425;450;1;Undirected
425;981;1;Undirected
425;539;1;Undirected
426;715;1;Undirected
426;862;1;Undirected
426;575;1;Undirected
427;648;1;Undirected
427;777;1;Undirected
427;511;1;Undirected
428;433;1;Undirected
428;593;1;Undirected
428;446;1;Undirected
429;449;1;Undirected
429;885;1;Undirected
429;774;1;Undirected
429;556;1;Undirected
430;530;1;Undirected
430;598;1;Undirected
430;855;1;Undirected
430;618;1;Undirected
430;491;1;Undirected
430;779;1;Undirected
431;561;1;Undirected
431;633;1;Undirected
432;481;1;Undirected
432;597;1;Undirected
432;892;1;Undirected
432;926;1;Undirected
433;998;1;Undirected
433;984;1;Undirected
433;862;1;Undirected
434;854;1;Undirected
434;681;1;Undirected
434;939;1;Undirected
434;987;1;Undirected
435;548;1;Undirected
435;760;1;Undirected
436;439;1;Undirected
436;654;1;Undirected
437;738;1;Undirected
437;693;1;Undirected
437;840;1;Undirected
437;841;1;Undirected
438;500;1;Undirected
438;600;1;Undirected
438;826;1;Undirected
438;572;1;Undirected
439;529;1;Undirected
439;610;1;Undirected
439;502;1;Undirected
439;824;1;Undirected
439;713;1;Undirected
439;474;1;Undirected
439;447;1;Undirected
439;943;1;Undirected
440;480;1;Undirected
440;803;1;Undirected
440;517;1;Undirected
440;630;1;Undirected
440;446;1;Undirected
441;833;1;Undirected
441;654;1;Undirected
441;975;1;Undirected
442;512;1;Undirected
442;546;1;Undirected
442;694;1;Undirected
442;1001;1;Undirected
443;577;1;Undirected
443;979;1;Undirected
443;891;1;Undirected
443;847;1;Undirected
444;741;1;Undirected
444;856;1;Undirected
444;617;1;Undirected
444;783;1;Undirected
445;579;1;Undirected
445;789;1;Undirected
445;649;1;Undirected
445;972;1;Undirected
446;672;1;Undirected
446;505;1;Undirected
447;653;1;Undirected
447;670;1;Undirected
447;511;1;Undirected
448;560;1;Undirected
448;994;1;Undirected
448;598;1;Undirected
448;779;1;Undirected
449;656;1;Undirected
449;690;1;Undirected
449;675;1;Undirected
449;889;1;Undirected
449;985;1;Undirected
449;778;1;Undirected
450;451;1;Undirected
450;630;1;Undirected
451;695;1;Undirected
451;775;1;Undirected
451;524;1;Undirected
451;940;1;Undirected
451;686;1;Undirected
451;958;1;Undirected
452;807;1;Undirected
452;796;1;Undirected
453;564;1;Undirected
455;591;1;Undirected
456;737;1;Undirected
456;881;1;Undirected
456;772;1;Undirected
456;556;1;Undirected
456;894;1;Undirected
457;464;1;Undirected
457;910;1;Undirected
458;737;1;Undirected
458;932;1;Undirected
458;538;1;Undirected
458;671;1;Undirected
459;819;1;Undirected
459;520;1;Undirected
460;614;1;Undirected
460;831;1;Undirected
461;531;1;Undirected
461;533;1;Undirected
461;633;1;Undirected
462;644;1;Undirected
463;978;1;Undirected
463;643;1;Undirected
463;485;1;Undirected
463;534;1;Undirected
463;921;1;Undirected
463;638;1;Undirected
464;560;1;Undirected
464;672;1;Undirected
464;644;1;Undirected
464;710;1;Undirected
464;842;1;Undirected
465;754;1;Undirected
466;500;1;Undirected
466;693;1;Undirected
466;571;1;Undirected
466;732;1;Undirected
467;746;1;Undirected
468;766;1;Undirected
469;714;1;Undirected
469;938;1;Undirected
470;754;1;Undirected
470;580;1;Undirected
470;942;1;Undirected
471;675;1;Undirected
471;600;1;Undirected
471;523;1;Undirected
471;827;1;Undirected
472;483;1;Undirected
472;499;1;Undirected
472;916;1;Undirected
472;488;1;Undirected
472;765;1;Undirected
472;494;1;Undirected
472;927;1;Undirected
473;624;1;Undirected
473;836;1;Undirected
473;671;1;Undirected
474;855;1;Undirected
475;769;1;Undirected
475;535;1;Undirected
475;987;1;Undirected
476;952;1;Undirected
476;569;1;Undirected
476;842;1;Undirected
477;498;1;Undirected
477;617;1;Undirected
477;793;1;Undirected
477;714;1;Undirected
478;901;1;Undirected
478;774;1;Undirected
478;551;1;Undirected
479;640;1;Undirected
479;830;1;Undirected
480;960;1;Undirected
480;664;1;Undirected
481;918;1;Undirected
481;489;1;Undirected
482;497;1;Undirected
482;929;1;Undirected
482;618;1;Undirected
482;714;1;Undirected
482;829;1;Undirected
483;832;1;Undirected
483;653;1;Undirected
484;587;1;Undirected
485;625;1;Undirected
485;548;1;Undirected
485;524;1;Undirected
486;963;1;Undirected
486;789;1;Undirected
486;588;1;Undirected
487;788;1;Undirected
487;575;1;Undirected
488;679;1;Undirected
488;552;1;Undirected
488;745;1;Undirected
488;495;1;Undirected
489;928;1;Undirected
489;513;1;Undirected
489;643;1;Undirected
490;592;1;Undirected
490;545;1;Undirected
490;581;1;Undirected
490;795;1;Undirected
490;605;1;Undirected
490;735;1;Undirected
491;827;1;Undirected
491;575;1;Undirected
492;739;1;Undirected
492;869;1;Undirected
492;997;1;Undirected
492;621;1;Undirected
492;909;1;Undirected
492;911;1;Undirected
492;689;1;Undirected
492;726;1;Undirected
492;567;1;Undirected
493;540;1;Undirected
493;525;1;Undirected
493;863;1;Undirected
494;693;1;Undirected
494;638;1;Undirected
495;720;1;Undirected
495;659;1;Undirected
495;711;1;Undirected
495;537;1;Undirected
495;970;1;Undirected
495;717;1;Undirected
496;593;1;Undirected
496;500;1;Undirected
496;548;1;Undirected
497;910;1;Undirected
498;898;1;Undirected
498;978;1;Undirected
498;886;1;Undirected
499;650;1;Undirected
499;718;1;Undirected
500;629;1;Undirected
500;838;1;Undirected
501;689;1;Undirected
501;764;1;Undirected
501;703;1;Undirected
502;801;1;Undirected
502;946;1;Undirected
502;531;1;Undirected
502;853;1;Undirected
502;603;1;Undirected
503;569;1;Undirected
504;675;1;Undirected
504;680;1;Undirected
504;618;1;Undirected
504;540;1;Undirected
504;669;1;Undirected
505;531;1;Undirected
506;900;1;Undirected
506;890;1;Undirected
506;859;1;Undirected
506;891;1;Undirected
506;669;1;Undirected
507;756;1;Undirected
508;547;1;Undirected
508;516;1;Undirected
508;874;1;Undirected
509;544;1;Undirected
509;898;1;Undirected
509;542;1;Undirected
509;559;1;Undirected
510;640;1;Undirected
510;657;1;Undirected
510;523;1;Undirected
511;544;1;Undirected
511;640;1;Undirected
511;635;1;Undirected
512;928;1;Undirected
512;870;1;Undirected
512;780;1;Undirected
512;876;1;Undirected
512;877;1;Undirected
512;894;1;Undirected
512;655;1;Undirected
513;960;1;Undirected
513;525;1;Undirected
513;815;1;Undirected
514;615;1;Undirected
514;777;1;Undirected
515;741;1;Undirected
516;557;1;Undirected
517;533;1;Undirected
517;622;1;Undirected
518;836;1;Undirected
518;908;1;Undirected
518;701;1;Undirected
518;574;1;Undirected
518;942;1;Undirected
519;802;1;Undirected
519;597;1;Undirected
519;567;1;Undirected
519;521;1;Undirected
519;668;1;Undirected
520;647;1;Undirected
520;793;1;Undirected
520;555;1;Undirected
520;828;1;Undirected
521;588;1;Undirected
521;943;1;Undirected
522;797;1;Undirected
522;623;1;Undirected
523;994;1;Undirected
523;804;1;Undirected
523;969;1;Undirected
524;770;1;Undirected
524;936;1;Undirected
524;639;1;Undirected
525;780;1;Undirected
526;663;1;Undirected
526;585;1;Undirected
528;664;1;Undirected
529;929;1;Undirected
529;578;1;Undirected
529;631;1;Undirected
529;970;1;Undirected
530;705;1;Undirected
530;802;1;Undirected
530;532;1;Undirected
530;971;1;Undirected
530;637;1;Undirected
531;539;1;Undirected
532;805;1;Undirected
532;748;1;Undirected
532;844;1;Undirected
533;546;1;Undirected
533;746;1;Undirected
533;970;1;Undirected
533;940;1;Undirected
534;644;1;Undirected
534;794;1;Undirected
535;768;1;Undirected
536;553;1;Undirected
537;627;1;Undirected
537;874;1;Undirected
538;577;1;Undirected
538;799;1;Undirected
540;706;1;Undirected
540;954;1;Undirected
540;751;1;Undirected
541;612;1;Undirected
541;571;1;Undirected
542;757;1;Undirected
543;553;1;Undirected
543;843;1;Undirected
543;767;1;Undirected
544;804;1;Undirected
545;914;1;Undirected
545;613;1;Undirected
546;568;1;Undirected
546;761;1;Undirected
547;764;1;Undirected
548;698;1;Undirected
548;573;1;Undirected
549;838;1;Undirected
550;752;1;Undirected
550;601;1;Undirected
550;814;1;Undirected
551;940;1;Undirected
552;976;1;Undirected
552;639;1;Undirected
553;705;1;Undirected
553;662;1;Undirected
553;680;1;Undirected
553;841;1;Undirected
553;986;1;Undirected
553;573;1;Undirected
553;814;1;Undirected
554;915;1;Undirected
554;565;1;Undirected
554;811;1;Undirected
554;812;1;Undirected
554;894;1;Undirected
555;744;1;Undirected
555;585;1;Undirected
555;572;1;Undirected
556;821;1;Undirected
556;934;1;Undirected
558;738;1;Undirected
558;676;1;Undirected
558;811;1;Undirected
558;926;1;Undirected
559;644;1;Undirected
560;816;1;Undirected
561;708;1;Undirected
561;584;1;Undirected
561;812;1;Undirected
562;616;1;Undirected
562;873;1;Undirected
563;625;1;Undirected
563;643;1;Undirected
563;1000;1;Undirected
563;732;1;Undirected
564;948;1;Undirected
564;949;1;Undirected
564;747;1;Undirected
565;927;1;Undirected
566;595;1;Undirected
566;997;1;Undirected
566;950;1;Undirected
567;988;1;Undirected
568;848;1;Undirected
568;960;1;Undirected
568;994;1;Undirected
568;941;1;Undirected
569;676;1;Undirected
569;870;1;Undirected
569;605;1;Undirected
569;621;1;Undirected
570;627;1;Undirected
570;650;1;Undirected
570;637;1;Undirected
572;734;1;Undirected
573;961;1;Undirected
573;962;1;Undirected
573;691;1;Undirected
573;903;1;Undirected
574;604;1;Undirected
575;801;1;Undirected
575;591;1;Undirected
576;584;1;Undirected
576;809;1;Undirected
576;619;1;Undirected
577;896;1;Undirected
577;755;1;Undirected
578;809;1;Undirected
578;588;1;Undirected
579;610;1;Undirected
579;957;1;Undirected
579;702;1;Undirected
580;865;1;Undirected
580;887;1;Undirected
580;988;1;Undirected
580;606;1;Undirected
583;609;1;Undirected
584;689;1;Undirected
585;740;1;Undirected
585;789;1;Undirected
585;650;1;Undirected
586;726;1;Undirected
586;667;1;Undirected
586;779;1;Undirected
586;764;1;Undirected
586;718;1;Undirected
587;961;1;Undirected
587;771;1;Undirected
587;888;1;Undirected
587;813;1;Undirected
588;589;1;Undirected
589;835;1;Undirected
589;804;1;Undirected
589;862;1;Undirected
591;607;1;Undirected
592;693;1;Undirected
592;886;1;Undirected
594;884;1;Undirected
594;841;1;Undirected
594;830;1;Undirected
595;973;1;Undirected
596;794;1;Undirected
596;701;1;Undirected
597;870;1;Undirected
597;728;1;Undirected
598;965;1;Undirected
598;702;1;Undirected
598;734;1;Undirected
599;672;1;Undirected
599;724;1;Undirected
599;854;1;Undirected
599;982;1;Undirected
599;639;1;Undirected
599;959;1;Undirected
600;696;1;Undirected
600;683;1;Undirected
601;932;1;Undirected
602;845;1;Undirected
602;783;1;Undirected
603;949;1;Undirected
604;688;1;Undirected
604;628;1;Undirected
604;663;1;Undirected
605;624;1;Undirected
605;964;1;Undirected
605;667;1;Undirected
606;986;1;Undirected
607;881;1;Undirected
608;626;1;Undirected
608;674;1;Undirected
608;660;1;Undirected
609;959;1;Undirected
610;905;1;Undirected
611;642;1;Undirected
611;697;1;Undirected
612;938;1;Undirected
612;954;1;Undirected
613;880;1;Undirected
613;819;1;Undirected
613;678;1;Undirected
614;931;1;Undirected
614;910;1;Undirected
616;908;1;Undirected
617;754;1;Undirected
617;618;1;Undirected
617;620;1;Undirected
619;624;1;Undirected
619;989;1;Undirected
619;782;1;Undirected
620;725;1;Undirected
621;707;1;Undirected
622;639;1;Undirected
623;923;1;Undirected
624;757;1;Undirected
624;911;1;Undirected
625;654;1;Undirected
627;818;1;Undirected
627;899;1;Undirected
627;830;1;Undirected
629;990;1;Undirected
631;651;1;Undirected
631;991;1;Undirected
632;772;1;Undirected
633;887;1;Undirected
633;712;1;Undirected
633;895;1;Undirected
634;832;1;Undirected
634;673;1;Undirected
634;788;1;Undirected
634;760;1;Undirected
634;751;1;Undirected
636;658;1;Undirected
637;912;1;Undirected
637;803;1;Undirected
638;816;1;Undirected
639;999;1;Undirected
640;980;1;Undirected
640;694;1;Undirected
642;825;1;Undirected
642;907;1;Undirected
643;939;1;Undirected
643;975;1;Undirected
644;933;1;Undirected
644;822;1;Undirected
644;727;1;Undirected
644;893;1;Undirected
645;801;1;Undirected
645;662;1;Undirected
646;992;1;Undirected
646;674;1;Undirected
649;976;1;Undirected
649;807;1;Undirected
649;968;1;Undirected
650;967;1;Undirected
650;732;1;Undirected
650;990;1;Undirected
651;983;1;Undirected
652;776;1;Undirected
653;947;1;Undirected
653;934;1;Undirected
653;922;1;Undirected
654;661;1;Undirected
656;667;1;Undirected
657;850;1;Undirected
657;1002;1;Undirected
657;844;1;Undirected
658;700;1;Undirected
659;815;1;Undirected
661;872;1;Undirected
662;744;1;Undirected
663;722;1;Undirected
663;776;1;Undirected
663;968;1;Undirected
663;686;1;Undirected
664;745;1;Undirected
664;735;1;Undirected
665;820;1;Undirected
666;867;1;Undirected
667;977;1;Undirected
667;773;1;Undirected
667;923;1;Undirected
667;924;1;Undirected
669;816;1;Undirected
669;916;1;Undirected
670;1001;1;Undirected
671;832;1;Undirected
673;848;1;Undirected
673;721;1;Undirected
674;780;1;Undirected
675;688;1;Undirected
675;849;1;Undirected
675;790;1;Undirected
675;840;1;Undirected
677;849;1;Undirected
677;778;1;Undirected
677;858;1;Undirected
677;830;1;Undirected
678;720;1;Undirected
678;721;1;Undirected
678;866;1;Undirected
678;707;1;Undirected
678;824;1;Undirected
678;958;1;Undirected
679;729;1;Undirected
679;810;1;Undirected
681;870;1;Undirected
682;773;1;Undirected
682;872;1;Undirected
683;880;1;Undirected
684;757;1;Undirected
684;949;1;Undirected
684;748;1;Undirected
685;737;1;Undirected
685;703;1;Undirected
687;706;1;Undirected
687;861;1;Undirected
688;783;1;Undirected
689;720;1;Undirected
691;978;1;Undirected
691;894;1;Undirected
692;803;1;Undirected
692;1004;1;Undirected
693;930;1;Undirected
693;694;1;Undirected
693;857;1;Undirected
693;1003;1;Undirected
695;712;1;Undirected
695;846;1;Undirected
698;912;1;Undirected
698;905;1;Undirected
698;985;1;Undirected
699;993;1;Undirected
699;892;1;Undirected
700;839;1;Undirected
700;859;1;Undirected
701;784;1;Undirected
701;790;1;Undirected
702;968;1;Undirected
703;921;1;Undirected
703;716;1;Undirected
704;739;1;Undirected
705;965;1;Undirected
706;762;1;Undirected
707;752;1;Undirected
707;742;1;Undirected
707;735;1;Undirected
708;1000;1;Undirected
709;979;1;Undirected
710;744;1;Undirected
713;729;1;Undirected
713;809;1;Undirected
714;916;1;Undirected
715;887;1;Undirected
717;753;1;Undirected
717;724;1;Undirected
718;904;1;Undirected
718;733;1;Undirected
718;781;1;Undirected
719;835;1;Undirected
719;924;1;Undirected
720;847;1;Undirected
721;750;1;Undirected
722;900;1;Undirected
722;854;1;Undirected
723;763;1;Undirected
724;743;1;Undirected
725;816;1;Undirected
727;883;1;Undirected
727;808;1;Undirected
729;747;1;Undirected
729;749;1;Undirected
730;750;1;Undirected
731;828;1;Undirected
733;896;1;Undirected
734;963;1;Undirected
734;778;1;Undirected
734;989;1;Undirected
735;906;1;Undirected
737;823;1;Undirected
737;935;1;Undirected
737;959;1;Undirected
738;849;1;Undirected
738;897;1;Undirected
739;965;1;Undirected
739;1002;1;Undirected
740;825;1;Undirected
741;916;1;Undirected
741;789;1;Undirected
743;903;1;Undirected
745;963;1;Undirected
746;802;1;Undirected
746;955;1;Undirected
747;875;1;Undirected
747;844;1;Undirected
747;989;1;Undirected
749;960;1;Undirected
749;808;1;Undirected
750;965;1;Undirected
750;775;1;Undirected
750;813;1;Undirected
750;974;1;Undirected
751;956;1;Undirected
752;995;1;Undirected
752;839;1;Undirected
753;951;1;Undirected
754;861;1;Undirected
755;964;1;Undirected
756;998;1;Undirected
757;778;1;Undirected
762;945;1;Undirected
763;850;1;Undirected
765;856;1;Undirected
768;953;1;Undirected
768;843;1;Undirected
769;946;1;Undirected
769;825;1;Undirected
770;845;1;Undirected
771;857;1;Undirected
774;827;1;Undirected
774;941;1;Undirected
775;864;1;Undirected
775;930;1;Undirected
776;925;1;Undirected
777;982;1;Undirected
778;851;1;Undirected
778;792;1;Undirected
778;795;1;Undirected
779;885;1;Undirected
779;794;1;Undirected
782;811;1;Undirected
783;981;1;Undirected
783;990;1;Undirected
784;793;1;Undirected
785;787;1;Undirected
785;971;1;Undirected
785;798;1;Undirected
787;898;1;Undirected
787;806;1;Undirected
787;908;1;Undirected
788;807;1;Undirected
789;865;1;Undirected
789;968;1;Undirected
791;976;1;Undirected
791;803;1;Undirected
791;951;1;Undirected
792;800;1;Undirected
793;918;1;Undirected
793;871;1;Undirected
794;937;1;Undirected
794;860;1;Undirected
795;984;1;Undirected
795;863;1;Undirected
797;901;1;Undirected
799;867;1;Undirected
799;810;1;Undirected
800;907;1;Undirected
801;888;1;Undirected
802;875;1;Undirected
803;897;1;Undirected
804;827;1;Undirected
804;987;1;Undirected
807;879;1;Undirected
811;817;1;Undirected
811;949;1;Undirected
812;857;1;Undirected
812;858;1;Undirected
814;834;1;Undirected
815;954;1;Undirected
816;951;1;Undirected
816;1002;1;Undirected
818;925;1;Undirected
819;902;1;Undirected
819;861;1;Undirected
819;974;1;Undirected
823;840;1;Undirected
823;893;1;Undirected
824;887;1;Undirected
828;847;1;Undirected
829;1003;1;Undirected
829;876;1;Undirected
829;911;1;Undirected
832;850;1;Undirected
833;857;1;Undirected
834;913;1;Undirected
837;915;1;Undirected
840;903;1;Undirected
841;924;1;Undirected
844;913;1;Undirected
845;994;1;Undirected
845;868;1;Undirected
847;952;1;Undirected
852;861;1;Undirected
853;864;1;Undirected
854;899;1;Undirected
854;873;1;Undirected
862;1002;1;Undirected
868;947;1;Undirected
868;878;1;Undirected
870;886;1;Undirected
877;906;1;Undirected
881;886;1;Undirected
889;1004;1;Undirected
894;900;1;Undirected
894;1000;1;Undirected
896;912;1;Undirected
899;984;1;Undirected
903;955;1;Undirected
904;996;1;Undirected
909;983;1;Undirected
911;955;1;Undirected
917;943;1;Undirected
924;983;1;Undirected
928;991;1;Undirected
929;992;1;Undirected
929;973;1;Undirected
930;969;1;Undirected
936;996;1;Undirected
938;956;1;Undirected
953;1004;1;Undirected
958;993;1;Undirected
958;967;1;Undirected
967;999;1;Undirected
972;1000;1;Undirected
979;985;1;Undirected
991;992;1;Undirected

